Origin Movement ID,Origin Display Name,Destination Movement ID,Destination Display Name,Date Range,Mean Travel Time (Seconds),Range - Lower Bound Travel Time (Seconds),Range - Upper Bound Travel Time (Seconds)
694,Census Tract 9800,1,Census Tract 233.15,"1/1/2020 - 3/31/2020, Every day, Daily Average",2467,2061,2952
694,Census Tract 9800,2,Census Tract 234.21,"1/1/2020 - 3/31/2020, Every day, Daily Average",1128,845,1504
694,Census Tract 9800,3,Census Tract 214.11,"1/1/2020 - 3/31/2020, Every day, Daily Average",2014,1642,2470
694,Census Tract 9800,4,Census Tract 214.16,"1/1/2020 - 3/31/2020, Every day, Daily Average",1788,1429,2236
694,Census Tract 9800,5,Census Tract 215.04,"1/1/2020 - 3/31/2020, Every day, Daily Average",1850,1469,2329
694,Census Tract 9800,6,Census Tract 234.19,"1/1/2020 - 3/31/2020, Every day, Daily Average",1635,1247,2142
694,Census Tract 9800,7,Census Tract 503.11,"1/1/2020 - 3/31/2020, Every day, Daily Average",2507,2002,3139
694,Census Tract 9800,8,Census Tract 219.06,"1/1/2020 - 3/31/2020, Every day, Daily Average",2210,1789,2728
694,Census Tract 9800,9,Census Tract 66.01,"1/1/2020 - 3/31/2020, Every day, Daily Average",974,721,1314
694,Census Tract 9800,10,Census Tract 67,"1/1/2020 - 3/31/2020, Every day, Daily Average",670,520,861
694,Census Tract 9800,11,Census Tract 93,"1/1/2020 - 3/31/2020, Every day, Daily Average",1823,1408,2359
694,Census Tract 9800,12,Census Tract 94.02,"1/1/2020 - 3/31/2020, Every day, Daily Average",1385,1091,1757
694,Census Tract 9800,13,Census Tract 101.08,"1/1/2020 - 3/31/2020, Every day, Daily Average",2708,2202,3329
694,Census Tract 9800,14,Census Tract 1706.02,"1/1/2020 - 3/31/2020, Every day, Daily Average",1792,1450,2214
694,Census Tract 9800,15,Census Tract 101.10,"1/1/2020 - 3/31/2020, Every day, Daily Average",1914,1500,2441
694,Census Tract 9800,16,Census Tract 102.05,"1/1/2020 - 3/31/2020, Every day, Daily Average",2138,1721,2654
694,Census Tract 9800,17,Census Tract 102.08,"1/1/2020 - 3/31/2020, Every day, Daily Average",2419,1930,3031
694,Census Tract 9800,18,Census Tract 105.07,"1/1/2020 - 3/31/2020, Every day, Daily Average",357,187,678
694,Census Tract 9800,19,Census Tract 105.08,"1/1/2020 - 3/31/2020, Every day, Daily Average",689,451,1051
694,Census Tract 9800,20,Census Tract 105.12,"1/1/2020 - 3/31/2020, Every day, Daily Average",600,396,907
694,Census Tract 9800,21,Census Tract 106.01,"1/1/2020 - 3/31/2020, Every day, Daily Average",442,228,854
694,Census Tract 9800,22,Census Tract 106.03,"1/1/2020 - 3/31/2020, Every day, Daily Average",239,87,650
694,Census Tract 9800,23,Census Tract 106.04,"1/1/2020 - 3/31/2020, Every day, Daily Average",248,81,755
694,Census Tract 9800,24,Census Tract 303.30,"1/1/2020 - 3/31/2020, Every day, Daily Average",2490,2018,3071
694,Census Tract 9800,25,Census Tract 313.11,"1/1/2020 - 3/31/2020, Every day, Daily Average",1382,1082,1764
694,Census Tract 9800,26,Census Tract 314.04,"1/1/2020 - 3/31/2020, Every day, Daily Average",2138,1743,2622
694,Census Tract 9800,27,Census Tract 314.05,"1/1/2020 - 3/31/2020, Every day, Daily Average",2561,2115,3099
694,Census Tract 9800,28,Census Tract 314.06,"1/1/2020 - 3/31/2020, Every day, Daily Average",2355,1927,2877
694,Census Tract 9800,29,Census Tract 315.03,"1/1/2020 - 3/31/2020, Every day, Daily Average",2774,2314,3324
694,Census Tract 9800,30,Census Tract 315.05,"1/1/2020 - 3/31/2020, Every day, Daily Average",2396,1980,2898
694,Census Tract 9800,31,Census Tract 101.22,"1/1/2020 - 3/31/2020, Every day, Daily Average",2013,1584,2556
694,Census Tract 9800,32,Census Tract 303.31,"1/1/2020 - 3/31/2020, Every day, Daily Average",2769,2282,3358
694,Census Tract 9800,33,Census Tract 303.32,"1/1/2020 - 3/31/2020, Every day, Daily Average",2626,2136,3227
694,Census Tract 9800,34,Census Tract 303.33,"1/1/2020 - 3/31/2020, Every day, Daily Average",2486,2051,3013
694,Census Tract 9800,35,Census Tract 1306.13,"1/1/2020 - 3/31/2020, Every day, Daily Average",3113,2533,3825
694,Census Tract 9800,36,Census Tract 310.01,"1/1/2020 - 3/31/2020, Every day, Daily Average",2080,1698,2547
694,Census Tract 9800,37,Census Tract 303.20,"1/1/2020 - 3/31/2020, Every day, Daily Average",2127,1704,2653
694,Census Tract 9800,38,Census Tract 305.02,"1/1/2020 - 3/31/2020, Every day, Daily Average",2178,1760,2693
694,Census Tract 9800,39,Census Tract 303.22,"1/1/2020 - 3/31/2020, Every day, Daily Average",3093,2545,3757
694,Census Tract 9800,40,Census Tract 313.07,"1/1/2020 - 3/31/2020, Every day, Daily Average",2001,1621,2469
694,Census Tract 9800,41,Census Tract 303.19,"1/1/2020 - 3/31/2020, Every day, Daily Average",2474,2020,3029
694,Census Tract 9800,42,Census Tract 311.01,"1/1/2020 - 3/31/2020, Every day, Daily Average",2224,1788,2765
694,Census Tract 9800,43,Census Tract 303.18,"1/1/2020 - 3/31/2020, Every day, Daily Average",2404,1976,2924
694,Census Tract 9800,44,Census Tract 303.36,"1/1/2020 - 3/31/2020, Every day, Daily Average",2824,2305,3459
694,Census Tract 9800,45,Census Tract 305.04,"1/1/2020 - 3/31/2020, Every day, Daily Average",2147,1730,2663
694,Census Tract 9800,46,Census Tract 311.10,"1/1/2020 - 3/31/2020, Every day, Daily Average",2057,1652,2560
694,Census Tract 9800,47,Census Tract 301.01,"1/1/2020 - 3/31/2020, Every day, Daily Average",3289,2729,3963
694,Census Tract 9800,48,Census Tract 301.03,"1/1/2020 - 3/31/2020, Every day, Daily Average",3185,2605,3892
694,Census Tract 9800,49,Census Tract 303.28,"1/1/2020 - 3/31/2020, Every day, Daily Average",2991,2493,3587
694,Census Tract 9800,50,Census Tract 302.09,"1/1/2020 - 3/31/2020, Every day, Daily Average",3112,2620,3695
694,Census Tract 9800,51,Census Tract 302.14,"1/1/2020 - 3/31/2020, Every day, Daily Average",3109,2604,3711
694,Census Tract 9800,52,Census Tract 302.15,"1/1/2020 - 3/31/2020, Every day, Daily Average",2978,2478,3578
694,Census Tract 9800,53,Census Tract 303.34,"1/1/2020 - 3/31/2020, Every day, Daily Average",2596,2130,3163
694,Census Tract 9800,54,Census Tract 303.35,"1/1/2020 - 3/31/2020, Every day, Daily Average",2969,2432,3623
694,Census Tract 9800,55,Census Tract 303.37,"1/1/2020 - 3/31/2020, Every day, Daily Average",2699,2203,3305
694,Census Tract 9800,56,Census Tract 303.39,"1/1/2020 - 3/31/2020, Every day, Daily Average",1701,1353,2137
694,Census Tract 9800,57,Census Tract 303.10,"1/1/2020 - 3/31/2020, Every day, Daily Average",2670,2144,3325
694,Census Tract 9800,58,Census Tract 303.11,"1/1/2020 - 3/31/2020, Every day, Daily Average",3006,2417,3738
694,Census Tract 9800,59,Census Tract 303.12,"1/1/2020 - 3/31/2020, Every day, Daily Average",2680,2185,3286
694,Census Tract 9800,60,Census Tract 301.04,"1/1/2020 - 3/31/2020, Every day, Daily Average",2936,2425,3554
694,Census Tract 9800,61,Census Tract 303.13,"1/1/2020 - 3/31/2020, Every day, Daily Average",2589,2091,3205
694,Census Tract 9800,62,Census Tract 304.05,"1/1/2020 - 3/31/2020, Every day, Daily Average",1952,1580,2410
694,Census Tract 9800,63,Census Tract 303.14,"1/1/2020 - 3/31/2020, Every day, Daily Average",2794,2307,3383
694,Census Tract 9800,64,Census Tract 305.05,"1/1/2020 - 3/31/2020, Every day, Daily Average",2083,1687,2571
694,Census Tract 9800,65,Census Tract 307,"1/1/2020 - 3/31/2020, Every day, Daily Average",2447,1961,3053
694,Census Tract 9800,66,Census Tract 303.24,"1/1/2020 - 3/31/2020, Every day, Daily Average",3219,2555,4055
694,Census Tract 9800,67,Census Tract 308,"1/1/2020 - 3/31/2020, Every day, Daily Average",2203,1800,2694
694,Census Tract 9800,68,Census Tract 309.01,"1/1/2020 - 3/31/2020, Every day, Daily Average",2715,2258,3263
694,Census Tract 9800,69,Census Tract 309.02,"1/1/2020 - 3/31/2020, Every day, Daily Average",2435,1996,2970
694,Census Tract 9800,70,Census Tract 309.04,"1/1/2020 - 3/31/2020, Every day, Daily Average",2519,2095,3027
694,Census Tract 9800,71,Census Tract 309.05,"1/1/2020 - 3/31/2020, Every day, Daily Average",2644,2217,3152
694,Census Tract 9800,72,Census Tract 303.26,"1/1/2020 - 3/31/2020, Every day, Daily Average",3224,2649,3923
694,Census Tract 9800,73,Census Tract 310.02,"1/1/2020 - 3/31/2020, Every day, Daily Average",2507,1977,3177
694,Census Tract 9800,74,Census Tract 310.04,"1/1/2020 - 3/31/2020, Every day, Daily Average",2382,1899,2987
694,Census Tract 9800,75,Census Tract 310.05,"1/1/2020 - 3/31/2020, Every day, Daily Average",2507,2090,3006
694,Census Tract 9800,76,Census Tract 219.12,"1/1/2020 - 3/31/2020, Every day, Daily Average",2272,1877,2750
694,Census Tract 9800,77,Census Tract 311.06,"1/1/2020 - 3/31/2020, Every day, Daily Average",2255,1843,2758
694,Census Tract 9800,78,Census Tract 303.27,"1/1/2020 - 3/31/2020, Every day, Daily Average",2897,2399,3497
694,Census Tract 9800,79,Census Tract 311.08,"1/1/2020 - 3/31/2020, Every day, Daily Average",2118,1749,2564
694,Census Tract 9800,80,Census Tract 311.11,"1/1/2020 - 3/31/2020, Every day, Daily Average",2022,1649,2479
694,Census Tract 9800,81,Census Tract 311.12,"1/1/2020 - 3/31/2020, Every day, Daily Average",1932,1560,2391
694,Census Tract 9800,82,Census Tract 303.29,"1/1/2020 - 3/31/2020, Every day, Daily Average",2606,2155,3150
694,Census Tract 9800,83,Census Tract 313.06,"1/1/2020 - 3/31/2020, Every day, Daily Average",2085,1699,2558
694,Census Tract 9800,84,Census Tract 313.08,"1/1/2020 - 3/31/2020, Every day, Daily Average",1765,1404,2217
694,Census Tract 9800,85,Census Tract 313.09,"1/1/2020 - 3/31/2020, Every day, Daily Average",1868,1476,2363
694,Census Tract 9800,86,Census Tract 313.10,"1/1/2020 - 3/31/2020, Every day, Daily Average",1472,1171,1850
694,Census Tract 9800,87,Census Tract 214.05,"1/1/2020 - 3/31/2020, Every day, Daily Average",1873,1516,2313
694,Census Tract 9800,88,Census Tract 219.09,"1/1/2020 - 3/31/2020, Every day, Daily Average",1967,1580,2448
694,Census Tract 9800,89,Census Tract 220.01,"1/1/2020 - 3/31/2020, Every day, Daily Average",1825,1426,2335
694,Census Tract 9800,90,Census Tract 220.04,"1/1/2020 - 3/31/2020, Every day, Daily Average",2029,1666,2470
694,Census Tract 9800,91,Census Tract 220.05,"1/1/2020 - 3/31/2020, Every day, Daily Average",1670,1292,2157
694,Census Tract 9800,92,Census Tract 220.08,"1/1/2020 - 3/31/2020, Every day, Daily Average",1930,1542,2415
694,Census Tract 9800,93,Census Tract 235.07,"1/1/2020 - 3/31/2020, Every day, Daily Average",1543,1163,2045
694,Census Tract 9800,94,Census Tract 236.02,"1/1/2020 - 3/31/2020, Every day, Daily Average",1593,1213,2090
694,Census Tract 9800,95,Census Tract 236.03,"1/1/2020 - 3/31/2020, Every day, Daily Average",1610,1224,2117
694,Census Tract 9800,96,Census Tract 215.02,"1/1/2020 - 3/31/2020, Every day, Daily Average",1427,1127,1806
694,Census Tract 9800,97,Census Tract 216.02,"1/1/2020 - 3/31/2020, Every day, Daily Average",1889,1492,2390
694,Census Tract 9800,98,Census Tract 216.03,"1/1/2020 - 3/31/2020, Every day, Daily Average",1491,1187,1871
694,Census Tract 9800,99,Census Tract 217.03,"1/1/2020 - 3/31/2020, Every day, Daily Average",2000,1580,2531
694,Census Tract 9800,100,Census Tract 224.01,"1/1/2020 - 3/31/2020, Every day, Daily Average",1643,1306,2066
694,Census Tract 9800,101,Census Tract 224.02,"1/1/2020 - 3/31/2020, Every day, Daily Average",1893,1536,2332
694,Census Tract 9800,102,Census Tract 224.03,"1/1/2020 - 3/31/2020, Every day, Daily Average",1666,1339,2072
694,Census Tract 9800,103,Census Tract 225,"1/1/2020 - 3/31/2020, Every day, Daily Average",1773,1453,2162
694,Census Tract 9800,104,Census Tract 237,"1/1/2020 - 3/31/2020, Every day, Daily Average",1235,968,1574
694,Census Tract 9800,105,Census Tract 217.04,"1/1/2020 - 3/31/2020, Every day, Daily Average",1939,1513,2484
694,Census Tract 9800,106,Census Tract 217.05,"1/1/2020 - 3/31/2020, Every day, Daily Average",1798,1442,2240
694,Census Tract 9800,107,Census Tract 217.06,"1/1/2020 - 3/31/2020, Every day, Daily Average",1651,1344,2026
694,Census Tract 9800,108,Census Tract 218.05,"1/1/2020 - 3/31/2020, Every day, Daily Average",1931,1546,2410
694,Census Tract 9800,109,Census Tract 226,"1/1/2020 - 3/31/2020, Every day, Daily Average",1892,1537,2328
694,Census Tract 9800,110,Census Tract 227,"1/1/2020 - 3/31/2020, Every day, Daily Average",1588,1303,1935
694,Census Tract 9800,111,Census Tract 235.01,"1/1/2020 - 3/31/2020, Every day, Daily Average",1630,1295,2051
694,Census Tract 9800,112,Census Tract 219.07,"1/1/2020 - 3/31/2020, Every day, Daily Average",2219,1826,2695
694,Census Tract 9800,113,Census Tract 5,"1/1/2020 - 3/31/2020, Every day, Daily Average",1218,935,1585
694,Census Tract 9800,114,Census Tract 13,"1/1/2020 - 3/31/2020, Every day, Daily Average",1446,1106,1889
694,Census Tract 9800,115,Census Tract 14,"1/1/2020 - 3/31/2020, Every day, Daily Average",1268,981,1638
694,Census Tract 9800,116,Census Tract 15,"1/1/2020 - 3/31/2020, Every day, Daily Average",1380,1083,1757
694,Census Tract 9800,117,Census Tract 16,"1/1/2020 - 3/31/2020, Every day, Daily Average",1229,958,1576
694,Census Tract 9800,118,Census Tract 18,"1/1/2020 - 3/31/2020, Every day, Daily Average",1038,785,1370
694,Census Tract 9800,119,Census Tract 19,"1/1/2020 - 3/31/2020, Every day, Daily Average",1092,825,1445
694,Census Tract 9800,120,Census Tract 36,"1/1/2020 - 3/31/2020, Every day, Daily Average",1442,1094,1899
694,Census Tract 9800,121,Census Tract 9107.03,"1/1/2020 - 3/31/2020, Every day, Daily Average",3220,2913,3559
694,Census Tract 9800,123,Census Tract 100.02,"1/1/2020 - 3/31/2020, Every day, Daily Average",1611,1284,2020
694,Census Tract 9800,124,Census Tract 100.01,"1/1/2020 - 3/31/2020, Every day, Daily Average",1584,1258,1993
694,Census Tract 9800,125,Census Tract 98.02,"1/1/2020 - 3/31/2020, Every day, Daily Average",1549,1242,1930
694,Census Tract 9800,126,Census Tract 68.01,"1/1/2020 - 3/31/2020, Every day, Daily Average",1000,794,1258
694,Census Tract 9800,127,Census Tract 9107.01,"1/1/2020 - 3/31/2020, Every day, Daily Average",3208,2892,3558
694,Census Tract 9800,128,Census Tract 9107.02,"1/1/2020 - 3/31/2020, Every day, Daily Average",2814,2506,3158
694,Census Tract 9800,129,Census Tract 9102,"1/1/2020 - 3/31/2020, Every day, Daily Average",3176,2600,3878
694,Census Tract 9800,130,Census Tract 9101.01,"1/1/2020 - 3/31/2020, Every day, Daily Average",2714,2118,3477
694,Census Tract 9800,131,Census Tract 97,"1/1/2020 - 3/31/2020, Every day, Daily Average",1449,1145,1832
694,Census Tract 9800,132,Census Tract 102.10,"1/1/2020 - 3/31/2020, Every day, Daily Average",2397,1910,3007
694,Census Tract 9800,133,Census Tract 102.09,"1/1/2020 - 3/31/2020, Every day, Daily Average",2522,2007,3168
694,Census Tract 9800,134,Census Tract 101.07,"1/1/2020 - 3/31/2020, Every day, Daily Average",2620,2132,3219
694,Census Tract 9800,135,Census Tract 103.01,"1/1/2020 - 3/31/2020, Every day, Daily Average",1092,805,1480
694,Census Tract 9800,136,Census Tract 25,"1/1/2020 - 3/31/2020, Every day, Daily Average",1371,1028,1827
694,Census Tract 9800,137,Census Tract 103.04,"1/1/2020 - 3/31/2020, Every day, Daily Average",852,586,1237
694,Census Tract 9800,138,Census Tract 71,"1/1/2020 - 3/31/2020, Every day, Daily Average",1105,816,1495
694,Census Tract 9800,139,Census Tract 105.13,"1/1/2020 - 3/31/2020, Every day, Daily Average",651,438,965
694,Census Tract 9800,140,Census Tract 105.10,"1/1/2020 - 3/31/2020, Every day, Daily Average",741,464,1181
694,Census Tract 9800,141,Census Tract 72,"1/1/2020 - 3/31/2020, Every day, Daily Average",520,289,933
694,Census Tract 9800,142,Census Tract 62,"1/1/2020 - 3/31/2020, Every day, Daily Average",1181,922,1511
694,Census Tract 9800,143,Census Tract 11,"1/1/2020 - 3/31/2020, Every day, Daily Average",1462,1111,1923
694,Census Tract 9800,144,Census Tract 73,"1/1/2020 - 3/31/2020, Every day, Daily Average",484,308,759
694,Census Tract 9800,145,Census Tract 42,"1/1/2020 - 3/31/2020, Every day, Daily Average",1108,815,1505
694,Census Tract 9800,146,Census Tract 91.01,"1/1/2020 - 3/31/2020, Every day, Daily Average",1295,986,1700
694,Census Tract 9800,147,Census Tract 89.04,"1/1/2020 - 3/31/2020, Every day, Daily Average",1351,1058,1723
694,Census Tract 9800,148,Census Tract 116.11,"1/1/2020 - 3/31/2020, Every day, Daily Average",2481,1980,3107
694,Census Tract 9800,149,Census Tract 116.17,"1/1/2020 - 3/31/2020, Every day, Daily Average",2570,2058,3208
694,Census Tract 9800,150,Census Tract 37,"1/1/2020 - 3/31/2020, Every day, Daily Average",1390,1027,1880
694,Census Tract 9800,151,Census Tract 105.11,"1/1/2020 - 3/31/2020, Every day, Daily Average",443,266,735
694,Census Tract 9800,152,Census Tract 115.04,"1/1/2020 - 3/31/2020, Every day, Daily Average",3549,2900,4343
694,Census Tract 9800,153,Census Tract 116.15,"1/1/2020 - 3/31/2020, Every day, Daily Average",3181,2561,3950
694,Census Tract 9800,154,Census Tract 115.03,"1/1/2020 - 3/31/2020, Every day, Daily Average",3314,2686,4088
694,Census Tract 9800,155,Census Tract 114.23,"1/1/2020 - 3/31/2020, Every day, Daily Average",2818,2287,3472
694,Census Tract 9800,156,Census Tract 114.25,"1/1/2020 - 3/31/2020, Every day, Daily Average",3085,2487,3826
694,Census Tract 9800,157,Census Tract 116.13,"1/1/2020 - 3/31/2020, Every day, Daily Average",3230,2561,4072
694,Census Tract 9800,158,Census Tract 114.20,"1/1/2020 - 3/31/2020, Every day, Daily Average",2405,1918,3015
694,Census Tract 9800,159,Census Tract 116.20,"1/1/2020 - 3/31/2020, Every day, Daily Average",3023,2465,3706
694,Census Tract 9800,160,Census Tract 116.14,"1/1/2020 - 3/31/2020, Every day, Daily Average",2941,2351,3678
694,Census Tract 9800,161,Census Tract 116.21,"1/1/2020 - 3/31/2020, Every day, Daily Average",2723,2204,3362
694,Census Tract 9800,162,Census Tract 116.19,"1/1/2020 - 3/31/2020, Every day, Daily Average",2644,2137,3270
694,Census Tract 9800,163,Census Tract 116.23,"1/1/2020 - 3/31/2020, Every day, Daily Average",3124,2524,3866
694,Census Tract 9800,164,Census Tract 102.11,"1/1/2020 - 3/31/2020, Every day, Daily Average",2087,1681,2589
694,Census Tract 9800,165,Census Tract 116.22,"1/1/2020 - 3/31/2020, Every day, Daily Average",3341,2736,4079
694,Census Tract 9800,166,Census Tract 120,"1/1/2020 - 3/31/2020, Every day, Daily Average",829,628,1094
694,Census Tract 9800,167,Census Tract 6,"1/1/2020 - 3/31/2020, Every day, Daily Average",1513,1124,2036
694,Census Tract 9800,168,Census Tract 17,"1/1/2020 - 3/31/2020, Every day, Daily Average",1179,901,1541
694,Census Tract 9800,169,Census Tract 90,"1/1/2020 - 3/31/2020, Every day, Daily Average",1339,1042,1719
694,Census Tract 9800,170,Census Tract 70.02,"1/1/2020 - 3/31/2020, Every day, Daily Average",848,625,1149
694,Census Tract 9800,171,Census Tract 99,"1/1/2020 - 3/31/2020, Every day, Daily Average",1885,1476,2406
694,Census Tract 9800,172,Census Tract 103.03,"1/1/2020 - 3/31/2020, Every day, Daily Average",1237,945,1618
694,Census Tract 9800,173,Census Tract 105.14,"1/1/2020 - 3/31/2020, Every day, Daily Average",856,618,1183
694,Census Tract 9800,174,Census Tract 110,"1/1/2020 - 3/31/2020, Every day, Daily Average",546,343,869
694,Census Tract 9800,175,Census Tract 1,"1/1/2020 - 3/31/2020, Every day, Daily Average",1721,1316,2249
694,Census Tract 9800,176,Census Tract 2,"1/1/2020 - 3/31/2020, Every day, Daily Average",1692,1314,2178
694,Census Tract 9800,177,Census Tract 4,"1/1/2020 - 3/31/2020, Every day, Daily Average",1503,1125,2006
694,Census Tract 9800,178,Census Tract 502.12,"1/1/2020 - 3/31/2020, Every day, Daily Average",3322,2717,4061
694,Census Tract 9800,179,Census Tract 502.10,"1/1/2020 - 3/31/2020, Every day, Daily Average",2912,2326,3645
694,Census Tract 9800,180,Census Tract 506.06,"1/1/2020 - 3/31/2020, Every day, Daily Average",3436,2740,4307
694,Census Tract 9800,181,Census Tract 505.25,"1/1/2020 - 3/31/2020, Every day, Daily Average",3171,2543,3952
694,Census Tract 9800,182,Census Tract 502.14,"1/1/2020 - 3/31/2020, Every day, Daily Average",3220,2592,3999
694,Census Tract 9800,183,Census Tract 502.20,"1/1/2020 - 3/31/2020, Every day, Daily Average",3027,2404,3810
694,Census Tract 9800,184,Census Tract 505.31,"1/1/2020 - 3/31/2020, Every day, Daily Average",2899,2376,3536
694,Census Tract 9800,185,Census Tract 507.23,"1/1/2020 - 3/31/2020, Every day, Daily Average",2694,2215,3276
694,Census Tract 9800,186,Census Tract 505.44,"1/1/2020 - 3/31/2020, Every day, Daily Average",3101,2487,3865
694,Census Tract 9800,187,Census Tract 505.37,"1/1/2020 - 3/31/2020, Every day, Daily Average",2501,1994,3136
694,Census Tract 9800,188,Census Tract 506.07,"1/1/2020 - 3/31/2020, Every day, Daily Average",3114,2582,3754
694,Census Tract 9800,189,Census Tract 506.08,"1/1/2020 - 3/31/2020, Every day, Daily Average",3253,2712,3901
694,Census Tract 9800,190,Census Tract 505.46,"1/1/2020 - 3/31/2020, Every day, Daily Average",3446,2799,4242
694,Census Tract 9800,191,Census Tract 505.48,"1/1/2020 - 3/31/2020, Every day, Daily Average",2980,2414,3678
694,Census Tract 9800,192,Census Tract 507.24,"1/1/2020 - 3/31/2020, Every day, Daily Average",3568,2971,4284
694,Census Tract 9800,193,Census Tract 505.23,"1/1/2020 - 3/31/2020, Every day, Daily Average",2804,2298,3420
694,Census Tract 9800,194,Census Tract 507.28,"1/1/2020 - 3/31/2020, Every day, Daily Average",3033,2559,3594
694,Census Tract 9800,195,Census Tract 502.16,"1/1/2020 - 3/31/2020, Every day, Daily Average",2736,2184,3426
694,Census Tract 9800,196,Census Tract 504.31,"1/1/2020 - 3/31/2020, Every day, Daily Average",2491,1872,3313
694,Census Tract 9800,199,Census Tract 1601,"1/1/2020 - 3/31/2020, Every day, Daily Average",2256,1779,2859
694,Census Tract 9800,201,Census Tract 1602,"1/1/2020 - 3/31/2020, Every day, Daily Average",2436,1917,3093
694,Census Tract 9800,202,Census Tract 1604,"1/1/2020 - 3/31/2020, Every day, Daily Average",2652,1922,3658
694,Census Tract 9800,203,Census Tract 1605,"1/1/2020 - 3/31/2020, Every day, Daily Average",2550,1987,3272
694,Census Tract 9800,204,Census Tract 9607,"1/1/2020 - 3/31/2020, Every day, Daily Average",3428,2821,4164
694,Census Tract 9800,205,Census Tract 9608.03,"1/1/2020 - 3/31/2020, Every day, Daily Average",3191,2614,3894
694,Census Tract 9800,206,Census Tract 9608.02,"1/1/2020 - 3/31/2020, Every day, Daily Average",2903,2385,3532
694,Census Tract 9800,207,Census Tract 9608.01,"1/1/2020 - 3/31/2020, Every day, Daily Average",2836,2322,3462
694,Census Tract 9800,208,Census Tract 806.02,"1/1/2020 - 3/31/2020, Every day, Daily Average",1729,1411,2118
694,Census Tract 9800,209,Census Tract 1106.02,"1/1/2020 - 3/31/2020, Every day, Daily Average",3972,3297,4784
694,Census Tract 9800,212,Census Tract 1106.03,"1/1/2020 - 3/31/2020, Every day, Daily Average",3611,2975,4382
694,Census Tract 9800,213,Census Tract 1105.06,"1/1/2020 - 3/31/2020, Every day, Daily Average",3245,2801,3758
694,Census Tract 9800,214,Census Tract 1105.07,"1/1/2020 - 3/31/2020, Every day, Daily Average",3646,3123,4256
694,Census Tract 9800,215,Census Tract 1106.01,"1/1/2020 - 3/31/2020, Every day, Daily Average",3986,3272,4855
694,Census Tract 9800,216,Census Tract 910.06,"1/1/2020 - 3/31/2020, Every day, Daily Average",3089,2571,3710
694,Census Tract 9800,217,Census Tract 911.01,"1/1/2020 - 3/31/2020, Every day, Daily Average",3558,2858,4428
694,Census Tract 9800,218,Census Tract 1403.04,"1/1/2020 - 3/31/2020, Every day, Daily Average",2107,1757,2525
694,Census Tract 9800,219,Census Tract 1403.07,"1/1/2020 - 3/31/2020, Every day, Daily Average",2386,2016,2822
694,Census Tract 9800,220,Census Tract 1404.04,"1/1/2020 - 3/31/2020, Every day, Daily Average",1741,1381,2194
694,Census Tract 9800,221,Census Tract 1404.05,"1/1/2020 - 3/31/2020, Every day, Daily Average",1917,1511,2431
694,Census Tract 9800,222,Census Tract 1404.03,"1/1/2020 - 3/31/2020, Every day, Daily Average",1480,1158,1890
694,Census Tract 9800,223,Census Tract 1405.02,"1/1/2020 - 3/31/2020, Every day, Daily Average",2637,2204,3153
694,Census Tract 9800,224,Census Tract 1405.01,"1/1/2020 - 3/31/2020, Every day, Daily Average",2241,1808,2776
694,Census Tract 9800,225,Census Tract 1404.08,"1/1/2020 - 3/31/2020, Every day, Daily Average",2053,1673,2518
694,Census Tract 9800,226,Census Tract 1404.07,"1/1/2020 - 3/31/2020, Every day, Daily Average",1746,1390,2192
694,Census Tract 9800,227,Census Tract 1401.02,"1/1/2020 - 3/31/2020, Every day, Daily Average",1320,1013,1718
694,Census Tract 9800,228,Census Tract 1404.06,"1/1/2020 - 3/31/2020, Every day, Daily Average",1551,1203,1998
694,Census Tract 9800,229,Census Tract 1403.03,"1/1/2020 - 3/31/2020, Every day, Daily Average",2004,1647,2438
694,Census Tract 9800,230,Census Tract 1401.01,"1/1/2020 - 3/31/2020, Every day, Daily Average",1112,830,1488
694,Census Tract 9800,231,Census Tract 1402.03,"1/1/2020 - 3/31/2020, Every day, Daily Average",1306,1007,1693
694,Census Tract 9800,232,Census Tract 1403.06,"1/1/2020 - 3/31/2020, Every day, Daily Average",2232,1879,2651
694,Census Tract 9800,233,Census Tract 1402.04,"1/1/2020 - 3/31/2020, Every day, Daily Average",1454,1094,1930
694,Census Tract 9800,234,Census Tract 1402.06,"1/1/2020 - 3/31/2020, Every day, Daily Average",1600,1303,1964
694,Census Tract 9800,235,Census Tract 1403.05,"1/1/2020 - 3/31/2020, Every day, Daily Average",2026,1654,2480
694,Census Tract 9800,236,Census Tract 29,"1/1/2020 - 3/31/2020, Every day, Daily Average",1107,840,1458
694,Census Tract 9800,237,Census Tract 102.06,"1/1/2020 - 3/31/2020, Every day, Daily Average",2026,1625,2525
694,Census Tract 9800,238,Census Tract 101.06,"1/1/2020 - 3/31/2020, Every day, Daily Average",2227,1754,2826
694,Census Tract 9800,239,Census Tract 102.04,"1/1/2020 - 3/31/2020, Every day, Daily Average",2125,1702,2651
694,Census Tract 9800,240,Census Tract 66.02,"1/1/2020 - 3/31/2020, Every day, Daily Average",1029,797,1327
694,Census Tract 9800,241,Census Tract 908.02,"1/1/2020 - 3/31/2020, Every day, Daily Average",3738,3056,4572
694,Census Tract 9800,242,Census Tract 116.24,"1/1/2020 - 3/31/2020, Every day, Daily Average",3334,2712,4097
694,Census Tract 9800,243,Census Tract 911.03,"1/1/2020 - 3/31/2020, Every day, Daily Average",2804,2268,3465
694,Census Tract 9800,244,Census Tract 906.02,"1/1/2020 - 3/31/2020, Every day, Daily Average",3515,2882,4286
694,Census Tract 9800,245,Census Tract 910.03,"1/1/2020 - 3/31/2020, Every day, Daily Average",3008,2396,3776
694,Census Tract 9800,246,Census Tract 906.01,"1/1/2020 - 3/31/2020, Every day, Daily Average",3292,2720,3983
694,Census Tract 9800,247,Census Tract 907.01,"1/1/2020 - 3/31/2020, Every day, Daily Average",3070,2498,3771
694,Census Tract 9800,248,Census Tract 907.02,"1/1/2020 - 3/31/2020, Every day, Daily Average",3073,2519,3748
694,Census Tract 9800,249,Census Tract 911.02,"1/1/2020 - 3/31/2020, Every day, Daily Average",3138,2529,3893
694,Census Tract 9800,250,Census Tract 903,"1/1/2020 - 3/31/2020, Every day, Daily Average",3718,3127,4419
694,Census Tract 9800,251,Census Tract 909.02,"1/1/2020 - 3/31/2020, Every day, Daily Average",3334,2728,4073
694,Census Tract 9800,252,Census Tract 910.01,"1/1/2020 - 3/31/2020, Every day, Daily Average",2789,2258,3444
694,Census Tract 9800,253,Census Tract 905.02,"1/1/2020 - 3/31/2020, Every day, Daily Average",3953,3268,4781
694,Census Tract 9800,254,Census Tract 909.01,"1/1/2020 - 3/31/2020, Every day, Daily Average",3506,2965,4145
694,Census Tract 9800,255,Census Tract 805.05,"1/1/2020 - 3/31/2020, Every day, Daily Average",2236,1792,2789
694,Census Tract 9800,258,Census Tract 406.14,"1/1/2020 - 3/31/2020, Every day, Daily Average",1317,959,1808
694,Census Tract 9800,259,Census Tract 405.18,"1/1/2020 - 3/31/2020, Every day, Daily Average",1258,932,1696
694,Census Tract 9800,260,Census Tract 406.12,"1/1/2020 - 3/31/2020, Every day, Daily Average",1025,728,1441
694,Census Tract 9800,261,Census Tract 234.18,"1/1/2020 - 3/31/2020, Every day, Daily Average",1932,1539,2424
694,Census Tract 9800,262,Census Tract 238.03,"1/1/2020 - 3/31/2020, Every day, Daily Average",1283,992,1658
694,Census Tract 9800,263,Census Tract 910.08,"1/1/2020 - 3/31/2020, Every day, Daily Average",2994,2444,3667
694,Census Tract 9800,264,Census Tract 908.04,"1/1/2020 - 3/31/2020, Every day, Daily Average",3411,2797,4158
694,Census Tract 9800,265,Census Tract 908.03,"1/1/2020 - 3/31/2020, Every day, Daily Average",3622,3028,4332
694,Census Tract 9800,266,Census Tract 909.04,"1/1/2020 - 3/31/2020, Every day, Daily Average",3023,2455,3721
694,Census Tract 9800,267,Census Tract 909.05,"1/1/2020 - 3/31/2020, Every day, Daily Average",3007,2391,3781
694,Census Tract 9800,268,Census Tract 403.02,"1/1/2020 - 3/31/2020, Every day, Daily Average",580,312,1077
694,Census Tract 9800,269,Census Tract 910.07,"1/1/2020 - 3/31/2020, Every day, Daily Average",3381,2779,4112
694,Census Tract 9800,270,Census Tract 403.03,"1/1/2020 - 3/31/2020, Every day, Daily Average",720,449,1152
694,Census Tract 9800,271,Census Tract 406.08,"1/1/2020 - 3/31/2020, Every day, Daily Average",1739,1326,2279
694,Census Tract 9800,272,Census Tract 404.10,"1/1/2020 - 3/31/2020, Every day, Daily Average",955,647,1409
694,Census Tract 9800,273,Census Tract 406.11,"1/1/2020 - 3/31/2020, Every day, Daily Average",849,582,1238
694,Census Tract 9800,274,Census Tract 402.02,"1/1/2020 - 3/31/2020, Every day, Daily Average",303,103,889
694,Census Tract 9800,275,Census Tract 404.13,"1/1/2020 - 3/31/2020, Every day, Daily Average",1054,682,1627
694,Census Tract 9800,276,Census Tract 405.12,"1/1/2020 - 3/31/2020, Every day, Daily Average",672,438,1028
694,Census Tract 9800,277,Census Tract 404.09,"1/1/2020 - 3/31/2020, Every day, Daily Average",1037,729,1474
694,Census Tract 9800,278,Census Tract 404.07,"1/1/2020 - 3/31/2020, Every day, Daily Average",867,571,1314
694,Census Tract 9800,279,Census Tract 404.08,"1/1/2020 - 3/31/2020, Every day, Daily Average",918,628,1341
694,Census Tract 9800,280,Census Tract 404.11,"1/1/2020 - 3/31/2020, Every day, Daily Average",1199,869,1654
694,Census Tract 9800,281,Census Tract 221,"1/1/2020 - 3/31/2020, Every day, Daily Average",1709,1305,2237
694,Census Tract 9800,282,Census Tract 238.01,"1/1/2020 - 3/31/2020, Every day, Daily Average",1335,1057,1685
694,Census Tract 9800,283,Census Tract 404.12,"1/1/2020 - 3/31/2020, Every day, Daily Average",768,465,1266
694,Census Tract 9800,284,Census Tract 405.09,"1/1/2020 - 3/31/2020, Every day, Daily Average",674,447,1014
694,Census Tract 9800,285,Census Tract 405.10,"1/1/2020 - 3/31/2020, Every day, Daily Average",542,343,854
694,Census Tract 9800,286,Census Tract 701.10,"1/1/2020 - 3/31/2020, Every day, Daily Average",1854,1465,2345
694,Census Tract 9800,287,Census Tract 701.11,"1/1/2020 - 3/31/2020, Every day, Daily Average",1310,931,1842
694,Census Tract 9800,288,Census Tract 703.09,"1/1/2020 - 3/31/2020, Every day, Daily Average",1639,1214,2212
694,Census Tract 9800,289,Census Tract 702.04,"1/1/2020 - 3/31/2020, Every day, Daily Average",1989,1584,2496
694,Census Tract 9800,290,Census Tract 704.04,"1/1/2020 - 3/31/2020, Every day, Daily Average",2083,1610,2693
694,Census Tract 9800,291,Census Tract 705.02,"1/1/2020 - 3/31/2020, Every day, Daily Average",2255,1683,3019
694,Census Tract 9800,292,Census Tract 703.07,"1/1/2020 - 3/31/2020, Every day, Daily Average",2211,1706,2864
694,Census Tract 9800,293,Census Tract 704.03,"1/1/2020 - 3/31/2020, Every day, Daily Average",2371,1820,3088
694,Census Tract 9800,294,Census Tract 405.13,"1/1/2020 - 3/31/2020, Every day, Daily Average",814,564,1174
694,Census Tract 9800,295,Census Tract 405.14,"1/1/2020 - 3/31/2020, Every day, Daily Average",924,664,1283
694,Census Tract 9800,296,Census Tract 405.15,"1/1/2020 - 3/31/2020, Every day, Daily Average",1012,736,1390
694,Census Tract 9800,297,Census Tract 405.16,"1/1/2020 - 3/31/2020, Every day, Daily Average",1117,824,1512
694,Census Tract 9800,298,Census Tract 1006,"1/1/2020 - 3/31/2020, Every day, Daily Average",2763,1708,4467
694,Census Tract 9800,300,Census Tract 1005.02,"1/1/2020 - 3/31/2020, Every day, Daily Average",2624,2058,3344
694,Census Tract 9800,301,Census Tract 1001,"1/1/2020 - 3/31/2020, Every day, Daily Average",3281,2655,4053
694,Census Tract 9800,303,Census Tract 1004,"1/1/2020 - 3/31/2020, Every day, Daily Average",2807,2356,3343
694,Census Tract 9800,304,Census Tract 1003,"1/1/2020 - 3/31/2020, Every day, Daily Average",3003,2496,3612
694,Census Tract 9800,305,Census Tract 406.06,"1/1/2020 - 3/31/2020, Every day, Daily Average",1607,1183,2182
694,Census Tract 9800,306,Census Tract 406.09,"1/1/2020 - 3/31/2020, Every day, Daily Average",838,525,1335
694,Census Tract 9800,307,Census Tract 406.13,"1/1/2020 - 3/31/2020, Every day, Daily Average",1320,971,1792
694,Census Tract 9800,308,Census Tract 302.18,"1/1/2020 - 3/31/2020, Every day, Daily Average",3087,2567,3712
694,Census Tract 9800,309,Census Tract 312.05,"1/1/2020 - 3/31/2020, Every day, Daily Average",1543,1222,1947
694,Census Tract 9800,310,Census Tract 302.24,"1/1/2020 - 3/31/2020, Every day, Daily Average",3083,2509,3787
694,Census Tract 9800,311,Census Tract 312.09,"1/1/2020 - 3/31/2020, Every day, Daily Average",1858,1492,2312
694,Census Tract 9800,312,Census Tract 312.07,"1/1/2020 - 3/31/2020, Every day, Daily Average",1792,1439,2230
694,Census Tract 9800,313,Census Tract 312.08,"1/1/2020 - 3/31/2020, Every day, Daily Average",1871,1508,2319
694,Census Tract 9800,314,Census Tract 305.07,"1/1/2020 - 3/31/2020, Every day, Daily Average",2432,2001,2955
694,Census Tract 9800,315,Census Tract 305.06,"1/1/2020 - 3/31/2020, Every day, Daily Average",2214,1794,2730
694,Census Tract 9800,316,Census Tract 306.01,"1/1/2020 - 3/31/2020, Every day, Daily Average",2334,1875,2904
694,Census Tract 9800,317,Census Tract 604.04,"1/1/2020 - 3/31/2020, Every day, Daily Average",2631,2239,3090
694,Census Tract 9800,318,Census Tract 603.08,"1/1/2020 - 3/31/2020, Every day, Daily Average",2774,2254,3413
694,Census Tract 9800,319,Census Tract 604.03,"1/1/2020 - 3/31/2020, Every day, Daily Average",2390,2018,2829
694,Census Tract 9800,320,Census Tract 603.06,"1/1/2020 - 3/31/2020, Every day, Daily Average",2430,1967,3000
694,Census Tract 9800,321,Census Tract 603.05,"1/1/2020 - 3/31/2020, Every day, Daily Average",2410,1929,3009
694,Census Tract 9800,322,Census Tract 604.05,"1/1/2020 - 3/31/2020, Every day, Daily Average",2605,2257,3006
694,Census Tract 9800,323,Census Tract 601.01,"1/1/2020 - 3/31/2020, Every day, Daily Average",2700,2295,3175
694,Census Tract 9800,324,Census Tract 602.02,"1/1/2020 - 3/31/2020, Every day, Daily Average",2288,1913,2736
694,Census Tract 9800,325,Census Tract 604.06,"1/1/2020 - 3/31/2020, Every day, Daily Average",2782,2391,3236
694,Census Tract 9800,326,Census Tract 603.04,"1/1/2020 - 3/31/2020, Every day, Daily Average",2216,1783,2753
694,Census Tract 9800,327,Census Tract 601.02,"1/1/2020 - 3/31/2020, Every day, Daily Average",2995,2493,3597
694,Census Tract 9800,329,Census Tract 603.09,"1/1/2020 - 3/31/2020, Every day, Daily Average",2377,1983,2848
694,Census Tract 9800,330,Census Tract 603.07,"1/1/2020 - 3/31/2020, Every day, Daily Average",2581,2154,3091
694,Census Tract 9800,331,Census Tract 602.01,"1/1/2020 - 3/31/2020, Every day, Daily Average",2029,1640,2508
694,Census Tract 9800,332,Census Tract 114.17,"1/1/2020 - 3/31/2020, Every day, Daily Average",2805,2266,3471
694,Census Tract 9800,333,Census Tract 115.06,"1/1/2020 - 3/31/2020, Every day, Daily Average",3150,2548,3893
694,Census Tract 9800,334,Census Tract 114.16,"1/1/2020 - 3/31/2020, Every day, Daily Average",2934,2348,3666
694,Census Tract 9800,335,Census Tract 114.21,"1/1/2020 - 3/31/2020, Every day, Daily Average",2553,2059,3164
694,Census Tract 9800,336,Census Tract 114.26,"1/1/2020 - 3/31/2020, Every day, Daily Average",3406,2677,4332
694,Census Tract 9800,337,Census Tract 116.10,"1/1/2020 - 3/31/2020, Every day, Daily Average",3082,2497,3803
694,Census Tract 9800,338,Census Tract 116.18,"1/1/2020 - 3/31/2020, Every day, Daily Average",2602,2097,3228
694,Census Tract 9800,339,Census Tract 116.25,"1/1/2020 - 3/31/2020, Every day, Daily Average",2985,2419,3681
694,Census Tract 9800,340,Census Tract 116.12,"1/1/2020 - 3/31/2020, Every day, Daily Average",2852,2309,3521
694,Census Tract 9800,341,Census Tract 77.05,"1/1/2020 - 3/31/2020, Every day, Daily Average",728,528,1002
694,Census Tract 9800,342,Census Tract 96.01,"1/1/2020 - 3/31/2020, Every day, Daily Average",1827,1413,2362
694,Census Tract 9800,343,Census Tract 96.03,"1/1/2020 - 3/31/2020, Every day, Daily Average",1900,1473,2450
694,Census Tract 9800,344,Census Tract 98.01,"1/1/2020 - 3/31/2020, Every day, Daily Average",1452,1141,1846
694,Census Tract 9800,345,Census Tract 101.19,"1/1/2020 - 3/31/2020, Every day, Daily Average",2301,1814,2918
694,Census Tract 9800,346,Census Tract 101.21,"1/1/2020 - 3/31/2020, Every day, Daily Average",2193,1712,2808
694,Census Tract 9800,347,Census Tract 101.23,"1/1/2020 - 3/31/2020, Every day, Daily Average",2100,1660,2655
694,Census Tract 9800,348,Census Tract 1204,"1/1/2020 - 3/31/2020, Every day, Daily Average",3311,2796,3920
694,Census Tract 9800,349,Census Tract 1202.02,"1/1/2020 - 3/31/2020, Every day, Daily Average",2799,2340,3347
694,Census Tract 9800,350,Census Tract 503.08,"1/1/2020 - 3/31/2020, Every day, Daily Average",2635,2146,3234
694,Census Tract 9800,351,Census Tract 503.06,"1/1/2020 - 3/31/2020, Every day, Daily Average",2071,1632,2627
694,Census Tract 9800,352,Census Tract 503.09,"1/1/2020 - 3/31/2020, Every day, Daily Average",2746,2215,3404
694,Census Tract 9800,353,Census Tract 503.10,"1/1/2020 - 3/31/2020, Every day, Daily Average",2490,2017,3073
694,Census Tract 9800,354,Census Tract 503.13,"1/1/2020 - 3/31/2020, Every day, Daily Average",2262,1772,2886
694,Census Tract 9800,355,Census Tract 228,"1/1/2020 - 3/31/2020, Every day, Daily Average",1715,1404,2093
694,Census Tract 9800,356,Census Tract 229,"1/1/2020 - 3/31/2020, Every day, Daily Average",1745,1409,2160
694,Census Tract 9800,357,Census Tract 214.12,"1/1/2020 - 3/31/2020, Every day, Daily Average",1903,1527,2370
694,Census Tract 9800,358,Census Tract 236.01,"1/1/2020 - 3/31/2020, Every day, Daily Average",1475,1197,1816
694,Census Tract 9800,359,Census Tract 213.07,"1/1/2020 - 3/31/2020, Every day, Daily Average",1881,1511,2340
694,Census Tract 9800,360,Census Tract 211.02,"1/1/2020 - 3/31/2020, Every day, Daily Average",1996,1598,2492
694,Census Tract 9800,361,Census Tract 214.15,"1/1/2020 - 3/31/2020, Every day, Daily Average",1718,1351,2184
694,Census Tract 9800,362,Census Tract 214.17,"1/1/2020 - 3/31/2020, Every day, Daily Average",1643,1290,2091
694,Census Tract 9800,363,Census Tract 213.05,"1/1/2020 - 3/31/2020, Every day, Daily Average",2299,1865,2833
694,Census Tract 9800,364,Census Tract 503.14,"1/1/2020 - 3/31/2020, Every day, Daily Average",2320,1831,2938
694,Census Tract 9800,365,Census Tract 115.05,"1/1/2020 - 3/31/2020, Every day, Daily Average",3154,2560,3884
694,Census Tract 9800,366,Census Tract 114.22,"1/1/2020 - 3/31/2020, Every day, Daily Average",2658,2127,3320
694,Census Tract 9800,367,Census Tract 114.24,"1/1/2020 - 3/31/2020, Every day, Daily Average",2987,2408,3704
694,Census Tract 9800,368,Census Tract 116.26,"1/1/2020 - 3/31/2020, Every day, Daily Average",3257,2638,4020
694,Census Tract 9800,369,Census Tract 119,"1/1/2020 - 3/31/2020, Every day, Daily Average",976,730,1304
694,Census Tract 9800,370,Census Tract 230,"1/1/2020 - 3/31/2020, Every day, Daily Average",1926,1583,2342
694,Census Tract 9800,371,Census Tract 231.01,"1/1/2020 - 3/31/2020, Every day, Daily Average",1604,1288,1997
694,Census Tract 9800,372,Census Tract 231.02,"1/1/2020 - 3/31/2020, Every day, Daily Average",1792,1450,2214
694,Census Tract 9800,373,Census Tract 213.06,"1/1/2020 - 3/31/2020, Every day, Daily Average",2071,1650,2598
694,Census Tract 9800,374,Census Tract 213.08,"1/1/2020 - 3/31/2020, Every day, Daily Average",1927,1448,2563
694,Census Tract 9800,375,Census Tract 216.05,"1/1/2020 - 3/31/2020, Every day, Daily Average",1575,1264,1962
694,Census Tract 9800,376,Census Tract 219.13,"1/1/2020 - 3/31/2020, Every day, Daily Average",2067,1673,2552
694,Census Tract 9800,377,Census Tract 220.09,"1/1/2020 - 3/31/2020, Every day, Daily Average",1845,1485,2290
694,Census Tract 9800,378,Census Tract 222.03,"1/1/2020 - 3/31/2020, Every day, Daily Average",2010,1636,2469
694,Census Tract 9800,379,Census Tract 801.02,"1/1/2020 - 3/31/2020, Every day, Daily Average",1637,1289,2078
694,Census Tract 9800,380,Census Tract 123,"1/1/2020 - 3/31/2020, Every day, Daily Average",285,114,709
694,Census Tract 9800,381,Census Tract 232.14,"1/1/2020 - 3/31/2020, Every day, Daily Average",1760,1366,2266
694,Census Tract 9800,382,Census Tract 233.13,"1/1/2020 - 3/31/2020, Every day, Daily Average",2108,1662,2672
694,Census Tract 9800,383,Census Tract 233.16,"1/1/2020 - 3/31/2020, Every day, Daily Average",2597,2173,3102
694,Census Tract 9800,384,Census Tract 211.01,"1/1/2020 - 3/31/2020, Every day, Daily Average",2122,1743,2583
694,Census Tract 9800,385,Census Tract 231.07,"1/1/2020 - 3/31/2020, Every day, Daily Average",1697,1277,2253
694,Census Tract 9800,386,Census Tract 231.08,"1/1/2020 - 3/31/2020, Every day, Daily Average",1458,1106,1921
694,Census Tract 9800,387,Census Tract 232.04,"1/1/2020 - 3/31/2020, Every day, Daily Average",1912,1540,2373
694,Census Tract 9800,388,Census Tract 214.14,"1/1/2020 - 3/31/2020, Every day, Daily Average",1709,1337,2183
694,Census Tract 9800,389,Census Tract 212.15,"1/1/2020 - 3/31/2020, Every day, Daily Average",2046,1634,2561
694,Census Tract 9800,390,Census Tract 504.17,"1/1/2020 - 3/31/2020, Every day, Daily Average",2084,1629,2665
694,Census Tract 9800,391,Census Tract 503.04,"1/1/2020 - 3/31/2020, Every day, Daily Average",2225,1796,2755
694,Census Tract 9800,393,Census Tract 1105.04,"1/1/2020 - 3/31/2020, Every day, Daily Average",3905,3287,4639
694,Census Tract 9800,394,Census Tract 212.17,"1/1/2020 - 3/31/2020, Every day, Daily Average",2194,1751,2748
694,Census Tract 9800,395,Census Tract 214.09,"1/1/2020 - 3/31/2020, Every day, Daily Average",1794,1333,2413
694,Census Tract 9800,396,Census Tract 218.14,"1/1/2020 - 3/31/2020, Every day, Daily Average",2145,1651,2785
694,Census Tract 9800,397,Census Tract 231.11,"1/1/2020 - 3/31/2020, Every day, Daily Average",1533,1186,1981
694,Census Tract 9800,398,Census Tract 220.10,"1/1/2020 - 3/31/2020, Every day, Daily Average",1949,1647,2306
694,Census Tract 9800,399,Census Tract 231.13,"1/1/2020 - 3/31/2020, Every day, Daily Average",1642,1277,2111
694,Census Tract 9800,400,Census Tract 232.06,"1/1/2020 - 3/31/2020, Every day, Daily Average",1716,1335,2204
694,Census Tract 9800,401,Census Tract 232.08,"1/1/2020 - 3/31/2020, Every day, Daily Average",2078,1701,2538
694,Census Tract 9800,402,Census Tract 232.09,"1/1/2020 - 3/31/2020, Every day, Daily Average",2158,1786,2606
694,Census Tract 9800,403,Census Tract 232.10,"1/1/2020 - 3/31/2020, Every day, Daily Average",2016,1524,2665
694,Census Tract 9800,404,Census Tract 232.11,"1/1/2020 - 3/31/2020, Every day, Daily Average",1808,1426,2291
694,Census Tract 9800,405,Census Tract 507.12,"1/1/2020 - 3/31/2020, Every day, Daily Average",3030,2539,3615
694,Census Tract 9800,406,Census Tract 501.05,"1/1/2020 - 3/31/2020, Every day, Daily Average",3346,2709,4131
694,Census Tract 9800,407,Census Tract 504.29,"1/1/2020 - 3/31/2020, Every day, Daily Average",2619,2151,3188
694,Census Tract 9800,408,Census Tract 504.23,"1/1/2020 - 3/31/2020, Every day, Daily Average",2352,1850,2990
694,Census Tract 9800,409,Census Tract 502.05,"1/1/2020 - 3/31/2020, Every day, Daily Average",3162,2516,3973
694,Census Tract 9800,410,Census Tract 501.06,"1/1/2020 - 3/31/2020, Every day, Daily Average",3130,2503,3913
694,Census Tract 9800,411,Census Tract 504.15,"1/1/2020 - 3/31/2020, Every day, Daily Average",2369,1954,2870
694,Census Tract 9800,412,Census Tract 504.21,"1/1/2020 - 3/31/2020, Every day, Daily Average",2185,1707,2795
694,Census Tract 9800,413,Census Tract 507.18,"1/1/2020 - 3/31/2020, Every day, Daily Average",3087,2439,3906
694,Census Tract 9800,414,Census Tract 507.09,"1/1/2020 - 3/31/2020, Every day, Daily Average",2777,2250,3426
694,Census Tract 9800,415,Census Tract 507.14,"1/1/2020 - 3/31/2020, Every day, Daily Average",2732,2241,3329
694,Census Tract 9800,416,Census Tract 507.21,"1/1/2020 - 3/31/2020, Every day, Daily Average",3287,2635,4099
694,Census Tract 9800,417,Census Tract 501.03,"1/1/2020 - 3/31/2020, Every day, Daily Average",3801,3133,4610
694,Census Tract 9800,418,Census Tract 231.15,"1/1/2020 - 3/31/2020, Every day, Daily Average",2125,1558,2898
694,Census Tract 9800,419,Census Tract 233.14,"1/1/2020 - 3/31/2020, Every day, Daily Average",2074,1667,2579
694,Census Tract 9800,420,Census Tract 234.22,"1/1/2020 - 3/31/2020, Every day, Daily Average",1314,982,1756
694,Census Tract 9800,421,Census Tract 234.24,"1/1/2020 - 3/31/2020, Every day, Daily Average",1055,731,1521
694,Census Tract 9800,422,Census Tract 234.27,"1/1/2020 - 3/31/2020, Every day, Daily Average",1928,1429,2599
694,Census Tract 9800,423,Census Tract 212.02,"1/1/2020 - 3/31/2020, Every day, Daily Average",1993,1589,2498
694,Census Tract 9800,424,Census Tract 212.04,"1/1/2020 - 3/31/2020, Every day, Daily Average",1978,1588,2463
694,Census Tract 9800,425,Census Tract 108,"1/1/2020 - 3/31/2020, Every day, Daily Average",388,205,732
694,Census Tract 9800,426,Census Tract 114.18,"1/1/2020 - 3/31/2020, Every day, Daily Average",3036,2451,3759
694,Census Tract 9800,427,Census Tract 91.02,"1/1/2020 - 3/31/2020, Every day, Daily Average",1604,1172,2195
694,Census Tract 9800,428,Census Tract 12.02,"1/1/2020 - 3/31/2020, Every day, Daily Average",1333,1003,1770
694,Census Tract 9800,429,Census Tract 232.12,"1/1/2020 - 3/31/2020, Every day, Daily Average",1891,1497,2388
694,Census Tract 9800,430,Census Tract 233.03,"1/1/2020 - 3/31/2020, Every day, Daily Average",2122,1723,2611
694,Census Tract 9800,431,Census Tract 233.09,"1/1/2020 - 3/31/2020, Every day, Daily Average",1990,1587,2494
694,Census Tract 9800,432,Census Tract 233.10,"1/1/2020 - 3/31/2020, Every day, Daily Average",1863,1438,2413
694,Census Tract 9800,433,Census Tract 805.09,"1/1/2020 - 3/31/2020, Every day, Daily Average",2195,1941,2481
694,Census Tract 9800,434,Census Tract 806.04,"1/1/2020 - 3/31/2020, Every day, Daily Average",1661,1377,2002
694,Census Tract 9800,435,Census Tract 801.03,"1/1/2020 - 3/31/2020, Every day, Daily Average",1854,1493,2301
694,Census Tract 9800,436,Census Tract 214.13,"1/1/2020 - 3/31/2020, Every day, Daily Average",1827,1454,2294
694,Census Tract 9800,437,Census Tract 208.02,"1/1/2020 - 3/31/2020, Every day, Daily Average",1398,1129,1729
694,Census Tract 9800,438,Census Tract 219.11,"1/1/2020 - 3/31/2020, Every day, Daily Average",2399,1837,3132
694,Census Tract 9800,439,Census Tract 212.16,"1/1/2020 - 3/31/2020, Every day, Daily Average",2146,1711,2691
694,Census Tract 9800,440,Census Tract 214.10,"1/1/2020 - 3/31/2020, Every day, Daily Average",1735,1365,2204
694,Census Tract 9800,441,Census Tract 215.03,"1/1/2020 - 3/31/2020, Every day, Daily Average",1651,1292,2108
694,Census Tract 9800,442,Census Tract 12.01,"1/1/2020 - 3/31/2020, Every day, Daily Average",1423,1072,1888
694,Census Tract 9800,443,Census Tract 10.01,"1/1/2020 - 3/31/2020, Every day, Daily Average",1135,865,1489
694,Census Tract 9800,444,Census Tract 89.03,"1/1/2020 - 3/31/2020, Every day, Daily Average",1920,1349,2730
694,Census Tract 9800,445,Census Tract 43,"1/1/2020 - 3/31/2020, Every day, Daily Average",1231,922,1642
694,Census Tract 9800,446,Census Tract 9800,"1/1/2020 - 3/31/2020, Every day, Daily Average",172,57,516
694,Census Tract 9800,447,Census Tract 116.16,"1/1/2020 - 3/31/2020, Every day, Daily Average",2817,2277,3484
694,Census Tract 9800,448,Census Tract 803.03,"1/1/2020 - 3/31/2020, Every day, Daily Average",1940,1543,2438
694,Census Tract 9800,449,Census Tract 803.04,"1/1/2020 - 3/31/2020, Every day, Daily Average",2061,1644,2582
694,Census Tract 9800,450,Census Tract 212.08,"1/1/2020 - 3/31/2020, Every day, Daily Average",2159,1763,2643
694,Census Tract 9800,451,Census Tract 212.09,"1/1/2020 - 3/31/2020, Every day, Daily Average",2155,1761,2636
694,Census Tract 9800,452,Census Tract 806.03,"1/1/2020 - 3/31/2020, Every day, Daily Average",2175,1817,2603
694,Census Tract 9800,453,Census Tract 805.08,"1/1/2020 - 3/31/2020, Every day, Daily Average",2188,1804,2652
694,Census Tract 9800,454,Census Tract 212.10,"1/1/2020 - 3/31/2020, Every day, Daily Average",2326,1903,2841
694,Census Tract 9800,455,Census Tract 212.11,"1/1/2020 - 3/31/2020, Every day, Daily Average",2450,2026,2962
694,Census Tract 9800,456,Census Tract 218.06,"1/1/2020 - 3/31/2020, Every day, Daily Average",2039,1628,2552
694,Census Tract 9800,457,Census Tract 218.08,"1/1/2020 - 3/31/2020, Every day, Daily Average",2054,1625,2596
694,Census Tract 9800,458,Census Tract 218.10,"1/1/2020 - 3/31/2020, Every day, Daily Average",2015,1590,2553
694,Census Tract 9800,459,Census Tract 234.10,"1/1/2020 - 3/31/2020, Every day, Daily Average",1369,1036,1808
694,Census Tract 9800,460,Census Tract 234.11,"1/1/2020 - 3/31/2020, Every day, Daily Average",1324,1015,1726
694,Census Tract 9800,461,Census Tract 234.12,"1/1/2020 - 3/31/2020, Every day, Daily Average",1289,969,1713
694,Census Tract 9800,462,Census Tract 234.13,"1/1/2020 - 3/31/2020, Every day, Daily Average",1175,893,1545
694,Census Tract 9800,463,Census Tract 216.04,"1/1/2020 - 3/31/2020, Every day, Daily Average",1783,1406,2260
694,Census Tract 9800,464,Census Tract 219.10,"1/1/2020 - 3/31/2020, Every day, Daily Average",2097,1693,2597
694,Census Tract 9800,465,Census Tract 231.12,"1/1/2020 - 3/31/2020, Every day, Daily Average",1672,1221,2289
694,Census Tract 9800,466,Census Tract 231.14,"1/1/2020 - 3/31/2020, Every day, Daily Average",1603,1252,2051
694,Census Tract 9800,467,Census Tract 232.13,"1/1/2020 - 3/31/2020, Every day, Daily Average",1638,1258,2131
694,Census Tract 9800,468,Census Tract 503.15,"1/1/2020 - 3/31/2020, Every day, Daily Average",2598,2084,3237
694,Census Tract 9800,469,Census Tract 114.27,"1/1/2020 - 3/31/2020, Every day, Daily Average",2871,2301,3581
694,Census Tract 9800,470,Census Tract 76.03,"1/1/2020 - 3/31/2020, Every day, Daily Average",954,689,1319
694,Census Tract 9800,471,Census Tract 77.04,"1/1/2020 - 3/31/2020, Every day, Daily Average",824,605,1122
694,Census Tract 9800,472,Census Tract 76.04,"1/1/2020 - 3/31/2020, Every day, Daily Average",1016,714,1444
694,Census Tract 9800,473,Census Tract 77.03,"1/1/2020 - 3/31/2020, Every day, Daily Average",841,636,1110
694,Census Tract 9800,474,Census Tract 212.13,"1/1/2020 - 3/31/2020, Every day, Daily Average",2225,1779,2781
694,Census Tract 9800,475,Census Tract 212.14,"1/1/2020 - 3/31/2020, Every day, Daily Average",2453,1989,3025
694,Census Tract 9800,476,Census Tract 213.01,"1/1/2020 - 3/31/2020, Every day, Daily Average",2195,1741,2766
694,Census Tract 9800,477,Census Tract 213.03,"1/1/2020 - 3/31/2020, Every day, Daily Average",1924,1540,2403
694,Census Tract 9800,478,Census Tract 218.12,"1/1/2020 - 3/31/2020, Every day, Daily Average",1887,1500,2373
694,Census Tract 9800,479,Census Tract 233.11,"1/1/2020 - 3/31/2020, Every day, Daily Average",2498,2118,2945
694,Census Tract 9800,480,Census Tract 233.12,"1/1/2020 - 3/31/2020, Every day, Daily Average",2399,1963,2930
694,Census Tract 9800,481,Census Tract 219.08,"1/1/2020 - 3/31/2020, Every day, Daily Average",2142,1744,2630
694,Census Tract 9800,482,Census Tract 234.14,"1/1/2020 - 3/31/2020, Every day, Daily Average",1492,1134,1962
694,Census Tract 9800,483,Census Tract 235.04,"1/1/2020 - 3/31/2020, Every day, Daily Average",1550,1184,2028
694,Census Tract 9800,484,Census Tract 235.05,"1/1/2020 - 3/31/2020, Every day, Daily Average",1551,1159,2074
694,Census Tract 9800,485,Census Tract 235.06,"1/1/2020 - 3/31/2020, Every day, Daily Average",1366,1032,1806
694,Census Tract 9800,486,Census Tract 222.04,"1/1/2020 - 3/31/2020, Every day, Daily Average",1970,1584,2448
694,Census Tract 9800,487,Census Tract 234.26,"1/1/2020 - 3/31/2020, Every day, Daily Average",1767,1382,2258
694,Census Tract 9800,488,Census Tract 77.06,"1/1/2020 - 3/31/2020, Every day, Daily Average",727,518,1018
694,Census Tract 9800,489,Census Tract 113.06,"1/1/2020 - 3/31/2020, Every day, Daily Average",622,392,986
694,Census Tract 9800,490,Census Tract 113.05,"1/1/2020 - 3/31/2020, Every day, Daily Average",516,325,816
694,Census Tract 9800,491,Census Tract 504.10,"1/1/2020 - 3/31/2020, Every day, Daily Average",2528,2047,3121
694,Census Tract 9800,492,Census Tract 504.16,"1/1/2020 - 3/31/2020, Every day, Daily Average",2610,2042,3335
694,Census Tract 9800,493,Census Tract 504.18,"1/1/2020 - 3/31/2020, Every day, Daily Average",2405,1807,3199
694,Census Tract 9800,494,Census Tract 95.01,"1/1/2020 - 3/31/2020, Every day, Daily Average",1748,1337,2285
694,Census Tract 9800,495,Census Tract 1205.01,"1/1/2020 - 3/31/2020, Every day, Daily Average",2838,2402,3352
694,Census Tract 9800,496,Census Tract 1206.01,"1/1/2020 - 3/31/2020, Every day, Daily Average",2553,2254,2890
694,Census Tract 9800,498,Census Tract 504.22,"1/1/2020 - 3/31/2020, Every day, Daily Average",2436,1886,3145
694,Census Tract 9800,499,Census Tract 504.24,"1/1/2020 - 3/31/2020, Every day, Daily Average",2302,1801,2942
694,Census Tract 9800,500,Census Tract 504.25,"1/1/2020 - 3/31/2020, Every day, Daily Average",2651,2209,3180
694,Census Tract 9800,501,Census Tract 504.26,"1/1/2020 - 3/31/2020, Every day, Daily Average",2502,2043,3063
694,Census Tract 9800,502,Census Tract 504.19,"1/1/2020 - 3/31/2020, Every day, Daily Average",2393,1857,3083
694,Census Tract 9800,503,Census Tract 504.28,"1/1/2020 - 3/31/2020, Every day, Daily Average",2754,2297,3300
694,Census Tract 9800,504,Census Tract 504.30,"1/1/2020 - 3/31/2020, Every day, Daily Average",2476,2009,3051
694,Census Tract 9800,505,Census Tract 218.09,"1/1/2020 - 3/31/2020, Every day, Daily Average",2054,1620,2603
694,Census Tract 9800,506,Census Tract 207,"1/1/2020 - 3/31/2020, Every day, Daily Average",1312,1043,1649
694,Census Tract 9800,507,Census Tract 505.11,"1/1/2020 - 3/31/2020, Every day, Daily Average",2653,2115,3327
694,Census Tract 9800,508,Census Tract 505.20,"1/1/2020 - 3/31/2020, Every day, Daily Average",2915,2371,3582
694,Census Tract 9800,509,Census Tract 505.21,"1/1/2020 - 3/31/2020, Every day, Daily Average",3046,2505,3703
694,Census Tract 9800,510,Census Tract 505.22,"1/1/2020 - 3/31/2020, Every day, Daily Average",3182,2661,3804
694,Census Tract 9800,511,Census Tract 507.15,"1/1/2020 - 3/31/2020, Every day, Daily Average",2954,2436,3581
694,Census Tract 9800,512,Census Tract 311.14,"1/1/2020 - 3/31/2020, Every day, Daily Average",2009,1625,2482
694,Census Tract 9800,513,Census Tract 313.13,"1/1/2020 - 3/31/2020, Every day, Daily Average",1450,1147,1832
694,Census Tract 9800,514,Census Tract 313.12,"1/1/2020 - 3/31/2020, Every day, Daily Average",1714,1356,2166
694,Census Tract 9800,515,Census Tract 315.06,"1/1/2020 - 3/31/2020, Every day, Daily Average",2721,2250,3289
694,Census Tract 9800,516,Census Tract 302.19,"1/1/2020 - 3/31/2020, Every day, Daily Average",3433,2879,4093
694,Census Tract 9800,517,Census Tract 302.20,"1/1/2020 - 3/31/2020, Every day, Daily Average",2522,2043,3112
694,Census Tract 9800,518,Census Tract 312.06,"1/1/2020 - 3/31/2020, Every day, Daily Average",1728,1380,2163
694,Census Tract 9800,519,Census Tract 302.26,"1/1/2020 - 3/31/2020, Every day, Daily Average",2646,2121,3300
694,Census Tract 9800,520,Census Tract 1704.03,"1/1/2020 - 3/31/2020, Every day, Daily Average",1303,1037,1635
694,Census Tract 9800,521,Census Tract 1706.03,"1/1/2020 - 3/31/2020, Every day, Daily Average",1842,1524,2226
694,Census Tract 9800,522,Census Tract 1705.01,"1/1/2020 - 3/31/2020, Every day, Daily Average",2230,1869,2659
694,Census Tract 9800,523,Census Tract 1705.03,"1/1/2020 - 3/31/2020, Every day, Daily Average",2558,2149,3043
694,Census Tract 9800,524,Census Tract 1703.04,"1/1/2020 - 3/31/2020, Every day, Daily Average",1819,1526,2168
694,Census Tract 9800,525,Census Tract 302.29,"1/1/2020 - 3/31/2020, Every day, Daily Average",2564,2011,3269
694,Census Tract 9800,526,Census Tract 306.02,"1/1/2020 - 3/31/2020, Every day, Daily Average",2454,1992,3022
694,Census Tract 9800,527,Census Tract 507.19,"1/1/2020 - 3/31/2020, Every day, Daily Average",3034,2510,3666
694,Census Tract 9800,528,Census Tract 507.20,"1/1/2020 - 3/31/2020, Every day, Daily Average",3278,2150,4997
694,Census Tract 9800,529,Census Tract 504.27,"1/1/2020 - 3/31/2020, Every day, Daily Average",2939,2461,3508
694,Census Tract 9800,530,Census Tract 507.13,"1/1/2020 - 3/31/2020, Every day, Daily Average",3242,2660,3951
694,Census Tract 9800,531,Census Tract 1703.06,"1/1/2020 - 3/31/2020, Every day, Daily Average",1809,1428,2290
694,Census Tract 9800,533,Census Tract 1703.05,"1/1/2020 - 3/31/2020, Every day, Daily Average",1579,1294,1925
694,Census Tract 9800,534,Census Tract 802.01,"1/1/2020 - 3/31/2020, Every day, Daily Average",1873,1490,2354
694,Census Tract 9800,535,Census Tract 802.02,"1/1/2020 - 3/31/2020, Every day, Daily Average",1794,1426,2255
694,Census Tract 9800,536,Census Tract 803.01,"1/1/2020 - 3/31/2020, Every day, Daily Average",2381,1960,2892
694,Census Tract 9800,537,Census Tract 804.02,"1/1/2020 - 3/31/2020, Every day, Daily Average",2304,1997,2657
694,Census Tract 9800,538,Census Tract 505.40,"1/1/2020 - 3/31/2020, Every day, Daily Average",2858,2362,3457
694,Census Tract 9800,539,Census Tract 502.11,"1/1/2020 - 3/31/2020, Every day, Daily Average",2386,1887,3016
694,Census Tract 9800,540,Census Tract 502.19,"1/1/2020 - 3/31/2020, Every day, Daily Average",3113,2442,3967
694,Census Tract 9800,541,Census Tract 503.19,"1/1/2020 - 3/31/2020, Every day, Daily Average",2170,1707,2757
694,Census Tract 9800,542,Census Tract 505.26,"1/1/2020 - 3/31/2020, Every day, Daily Average",2513,2028,3113
694,Census Tract 9800,543,Census Tract 9101.04,"1/1/2020 - 3/31/2020, Every day, Daily Average",2846,2290,3535
694,Census Tract 9800,544,Census Tract 9101.03,"1/1/2020 - 3/31/2020, Every day, Daily Average",2819,2339,3396
694,Census Tract 9800,545,Census Tract 701.06,"1/1/2020 - 3/31/2020, Every day, Daily Average",1421,984,2051
694,Census Tract 9800,546,Census Tract 703.04,"1/1/2020 - 3/31/2020, Every day, Daily Average",2008,1498,2691
694,Census Tract 9800,547,Census Tract 703.06,"1/1/2020 - 3/31/2020, Every day, Daily Average",1733,1259,2383
694,Census Tract 9800,548,Census Tract 704.02,"1/1/2020 - 3/31/2020, Every day, Daily Average",2726,2114,3514
694,Census Tract 9800,549,Census Tract 89.02,"1/1/2020 - 3/31/2020, Every day, Daily Average",1300,1001,1687
694,Census Tract 9800,550,Census Tract 703.05,"1/1/2020 - 3/31/2020, Every day, Daily Average",1445,1022,2041
694,Census Tract 9800,551,Census Tract 702.03,"1/1/2020 - 3/31/2020, Every day, Daily Average",2512,2033,3103
694,Census Tract 9800,552,Census Tract 702.02,"1/1/2020 - 3/31/2020, Every day, Daily Average",2250,1776,2849
694,Census Tract 9800,553,Census Tract 701.04,"1/1/2020 - 3/31/2020, Every day, Daily Average",1115,749,1659
694,Census Tract 9800,554,Census Tract 312.11,"1/1/2020 - 3/31/2020, Every day, Daily Average",1684,1343,2110
694,Census Tract 9800,555,Census Tract 312.12,"1/1/2020 - 3/31/2020, Every day, Daily Average",1923,1531,2414
694,Census Tract 9800,556,Census Tract 302.27,"1/1/2020 - 3/31/2020, Every day, Daily Average",2858,2331,3503
694,Census Tract 9800,557,Census Tract 804.03,"1/1/2020 - 3/31/2020, Every day, Daily Average",2412,1918,3032
694,Census Tract 9800,558,Census Tract 804.04,"1/1/2020 - 3/31/2020, Every day, Daily Average",2602,2198,3079
694,Census Tract 9800,559,Census Tract 805.11,"1/1/2020 - 3/31/2020, Every day, Daily Average",1885,1596,2225
694,Census Tract 9800,560,Census Tract 805.10,"1/1/2020 - 3/31/2020, Every day, Daily Average",2097,1802,2440
694,Census Tract 9800,561,Census Tract 1306.04,"1/1/2020 - 3/31/2020, Every day, Daily Average",3148,2588,3828
694,Census Tract 9800,562,Census Tract 1305.08,"1/1/2020 - 3/31/2020, Every day, Daily Average",3590,2906,4433
694,Census Tract 9800,563,Census Tract 1306.02,"1/1/2020 - 3/31/2020, Every day, Daily Average",2777,2244,3436
694,Census Tract 9800,564,Census Tract 1306.07,"1/1/2020 - 3/31/2020, Every day, Daily Average",3572,2938,4342
694,Census Tract 9800,565,Census Tract 1306.11,"1/1/2020 - 3/31/2020, Every day, Daily Average",3843,3154,4681
694,Census Tract 9800,566,Census Tract 1306.10,"1/1/2020 - 3/31/2020, Every day, Daily Average",3587,2931,4388
694,Census Tract 9800,567,Census Tract 1306.03,"1/1/2020 - 3/31/2020, Every day, Daily Average",2882,2334,3557
694,Census Tract 9800,568,Census Tract 1305.09,"1/1/2020 - 3/31/2020, Every day, Daily Average",3298,2703,4023
694,Census Tract 9800,569,Census Tract 1304.10,"1/1/2020 - 3/31/2020, Every day, Daily Average",3297,2724,3989
694,Census Tract 9800,570,Census Tract 1305.10,"1/1/2020 - 3/31/2020, Every day, Daily Average",3310,2693,4067
694,Census Tract 9800,571,Census Tract 1306.01,"1/1/2020 - 3/31/2020, Every day, Daily Average",3033,2477,3713
694,Census Tract 9800,572,Census Tract 1304.04,"1/1/2020 - 3/31/2020, Every day, Daily Average",3455,2823,4227
694,Census Tract 9800,573,Census Tract 1303.02,"1/1/2020 - 3/31/2020, Every day, Daily Average",3570,2957,4309
694,Census Tract 9800,574,Census Tract 1306.08,"1/1/2020 - 3/31/2020, Every day, Daily Average",3548,2895,4348
694,Census Tract 9800,575,Census Tract 1304.06,"1/1/2020 - 3/31/2020, Every day, Daily Average",3185,2603,3896
694,Census Tract 9800,576,Census Tract 1303.06,"1/1/2020 - 3/31/2020, Every day, Daily Average",3411,2793,4164
694,Census Tract 9800,577,Census Tract 1303.04,"1/1/2020 - 3/31/2020, Every day, Daily Average",3405,2794,4148
694,Census Tract 9800,578,Census Tract 1303.07,"1/1/2020 - 3/31/2020, Every day, Daily Average",3600,2979,4350
694,Census Tract 9800,579,Census Tract 505.27,"1/1/2020 - 3/31/2020, Every day, Daily Average",3229,2564,4066
694,Census Tract 9800,580,Census Tract 501.07,"1/1/2020 - 3/31/2020, Every day, Daily Average",3905,3295,4626
694,Census Tract 9800,581,Census Tract 502.09,"1/1/2020 - 3/31/2020, Every day, Daily Average",2820,2226,3571
694,Census Tract 9800,582,Census Tract 504.36,"1/1/2020 - 3/31/2020, Every day, Daily Average",2750,2249,3361
694,Census Tract 9800,583,Census Tract 505.42,"1/1/2020 - 3/31/2020, Every day, Daily Average",2412,1910,3044
694,Census Tract 9800,584,Census Tract 507.26,"1/1/2020 - 3/31/2020, Every day, Daily Average",3873,3251,4612
694,Census Tract 9800,585,Census Tract 505.45,"1/1/2020 - 3/31/2020, Every day, Daily Average",3308,2639,4145
694,Census Tract 9800,586,Census Tract 1306.12,"1/1/2020 - 3/31/2020, Every day, Daily Average",3547,2907,4327
694,Census Tract 9800,587,Census Tract 1303.05,"1/1/2020 - 3/31/2020, Every day, Daily Average",3779,3159,4520
694,Census Tract 9800,588,Census Tract 1306.05,"1/1/2020 - 3/31/2020, Every day, Daily Average",3348,2705,4143
694,Census Tract 9800,589,Census Tract 1306.09,"1/1/2020 - 3/31/2020, Every day, Daily Average",3842,3141,4699
694,Census Tract 9800,590,Census Tract 1306.06,"1/1/2020 - 3/31/2020, Every day, Daily Average",3471,2803,4297
694,Census Tract 9800,591,Census Tract 234.28,"1/1/2020 - 3/31/2020, Every day, Daily Average",1741,1366,2218
694,Census Tract 9800,592,Census Tract 95.02,"1/1/2020 - 3/31/2020, Every day, Daily Average",1960,1513,2538
694,Census Tract 9800,593,Census Tract 96.02,"1/1/2020 - 3/31/2020, Every day, Daily Average",1526,1197,1944
694,Census Tract 9800,594,Census Tract 94.04,"1/1/2020 - 3/31/2020, Every day, Daily Average",1743,1337,2272
694,Census Tract 9800,595,Census Tract 94.03,"1/1/2020 - 3/31/2020, Every day, Daily Average",1447,1134,1845
694,Census Tract 9800,596,Census Tract 102.12,"1/1/2020 - 3/31/2020, Every day, Daily Average",2222,1780,2773
694,Census Tract 9800,597,Census Tract 101.14,"1/1/2020 - 3/31/2020, Every day, Daily Average",1665,1340,2068
694,Census Tract 9800,598,Census Tract 101.15,"1/1/2020 - 3/31/2020, Every day, Daily Average",1783,1432,2219
694,Census Tract 9800,599,Census Tract 101.13,"1/1/2020 - 3/31/2020, Every day, Daily Average",1773,1412,2225
694,Census Tract 9800,600,Census Tract 101.18,"1/1/2020 - 3/31/2020, Every day, Daily Average",2158,1697,2743
694,Census Tract 9800,601,Census Tract 101.17,"1/1/2020 - 3/31/2020, Every day, Daily Average",2401,1841,3130
694,Census Tract 9800,602,Census Tract 701.08,"1/1/2020 - 3/31/2020, Every day, Daily Average",1418,1077,1866
694,Census Tract 9800,603,Census Tract 703.11,"1/1/2020 - 3/31/2020, Every day, Daily Average",1725,1273,2336
694,Census Tract 9800,604,Census Tract 701.07,"1/1/2020 - 3/31/2020, Every day, Daily Average",1766,1368,2278
694,Census Tract 9800,605,Census Tract 702.05,"1/1/2020 - 3/31/2020, Every day, Daily Average",1819,1414,2339
694,Census Tract 9800,606,Census Tract 705.01,"1/1/2020 - 3/31/2020, Every day, Daily Average",1945,1484,2548
694,Census Tract 9800,607,Census Tract 303.40,"1/1/2020 - 3/31/2020, Every day, Daily Average",3078,2551,3713
694,Census Tract 9800,608,Census Tract 303.43,"1/1/2020 - 3/31/2020, Every day, Daily Average",3219,2664,3888
694,Census Tract 9800,609,Census Tract 101.20,"1/1/2020 - 3/31/2020, Every day, Daily Average",2405,1901,3041
694,Census Tract 9800,610,Census Tract 105.16,"1/1/2020 - 3/31/2020, Every day, Daily Average",806,542,1197
694,Census Tract 9800,611,Census Tract 105.15,"1/1/2020 - 3/31/2020, Every day, Daily Average",1019,739,1403
694,Census Tract 9800,612,Census Tract 114.19,"1/1/2020 - 3/31/2020, Every day, Daily Average",2821,2256,3526
694,Census Tract 9800,613,Census Tract 701.09,"1/1/2020 - 3/31/2020, Every day, Daily Average",1505,1154,1962
694,Census Tract 9800,614,Census Tract 701.14,"1/1/2020 - 3/31/2020, Every day, Daily Average",1476,1075,2025
694,Census Tract 9800,615,Census Tract 703.10,"1/1/2020 - 3/31/2020, Every day, Daily Average",1588,1136,2218
694,Census Tract 9800,616,Census Tract 701.13,"1/1/2020 - 3/31/2020, Every day, Daily Average",1371,994,1890
694,Census Tract 9800,617,Census Tract 118,"1/1/2020 - 3/31/2020, Every day, Daily Average",1649,1258,2160
694,Census Tract 9800,618,Census Tract 302.28,"1/1/2020 - 3/31/2020, Every day, Daily Average",2444,1977,3020
694,Census Tract 9800,619,Census Tract 302.30,"1/1/2020 - 3/31/2020, Every day, Daily Average",2740,2242,3348
694,Census Tract 9800,620,Census Tract 302.31,"1/1/2020 - 3/31/2020, Every day, Daily Average",3036,2504,3680
694,Census Tract 9800,621,Census Tract 403.06,"1/1/2020 - 3/31/2020, Every day, Daily Average",401,168,951
694,Census Tract 9800,622,Census Tract 505.49,"1/1/2020 - 3/31/2020, Every day, Daily Average",3251,2579,4097
694,Census Tract 9800,623,Census Tract 501.08,"1/1/2020 - 3/31/2020, Every day, Daily Average",3733,3083,4518
694,Census Tract 9800,624,Census Tract 501.09,"1/1/2020 - 3/31/2020, Every day, Daily Average",3556,2943,4295
694,Census Tract 9800,625,Census Tract 502.08,"1/1/2020 - 3/31/2020, Every day, Daily Average",2938,2350,3672
694,Census Tract 9800,626,Census Tract 502.13,"1/1/2020 - 3/31/2020, Every day, Daily Average",2973,2392,3694
694,Census Tract 9800,627,Census Tract 506.05,"1/1/2020 - 3/31/2020, Every day, Daily Average",3245,2601,4048
694,Census Tract 9800,628,Census Tract 404.16,"1/1/2020 - 3/31/2020, Every day, Daily Average",644,366,1131
694,Census Tract 9800,629,Census Tract 405.25,"1/1/2020 - 3/31/2020, Every day, Daily Average",1314,1016,1698
694,Census Tract 9800,630,Census Tract 505.28,"1/1/2020 - 3/31/2020, Every day, Daily Average",3316,2670,4116
694,Census Tract 9800,631,Census Tract 505.38,"1/1/2020 - 3/31/2020, Every day, Daily Average",3003,2403,3752
694,Census Tract 9800,632,Census Tract 505.30,"1/1/2020 - 3/31/2020, Every day, Daily Average",2879,2307,3592
694,Census Tract 9800,633,Census Tract 505.29,"1/1/2020 - 3/31/2020, Every day, Daily Average",2794,2239,3485
694,Census Tract 9800,634,Census Tract 405.26,"1/1/2020 - 3/31/2020, Every day, Daily Average",1166,859,1581
694,Census Tract 9800,635,Census Tract 403.08,"1/1/2020 - 3/31/2020, Every day, Daily Average",388,137,1092
694,Census Tract 9800,636,Census Tract 402.04,"1/1/2020 - 3/31/2020, Every day, Daily Average",359,138,932
694,Census Tract 9800,637,Census Tract 404.14,"1/1/2020 - 3/31/2020, Every day, Daily Average",549,278,1082
694,Census Tract 9800,638,Census Tract 405.21,"1/1/2020 - 3/31/2020, Every day, Daily Average",743,452,1221
694,Census Tract 9800,639,Census Tract 502.17,"1/1/2020 - 3/31/2020, Every day, Daily Average",2661,2118,3342
694,Census Tract 9800,640,Census Tract 502.18,"1/1/2020 - 3/31/2020, Every day, Daily Average",3097,2445,3921
694,Census Tract 9800,641,Census Tract 503.17,"1/1/2020 - 3/31/2020, Every day, Daily Average",2322,1888,2854
694,Census Tract 9800,642,Census Tract 503.20,"1/1/2020 - 3/31/2020, Every day, Daily Average",2101,1658,2661
694,Census Tract 9800,643,Census Tract 503.18,"1/1/2020 - 3/31/2020, Every day, Daily Average",2609,2079,3273
694,Census Tract 9800,644,Census Tract 502.15,"1/1/2020 - 3/31/2020, Every day, Daily Average",2493,1979,3139
694,Census Tract 9800,645,Census Tract 406.15,"1/1/2020 - 3/31/2020, Every day, Daily Average",933,600,1449
694,Census Tract 9800,646,Census Tract 406.17,"1/1/2020 - 3/31/2020, Every day, Daily Average",1220,837,1776
694,Census Tract 9800,647,Census Tract 402.03,"1/1/2020 - 3/31/2020, Every day, Daily Average",321,126,812
694,Census Tract 9800,648,Census Tract 404.17,"1/1/2020 - 3/31/2020, Every day, Daily Average",765,493,1185
694,Census Tract 9800,649,Census Tract 405.20,"1/1/2020 - 3/31/2020, Every day, Daily Average",414,237,721
694,Census Tract 9800,650,Census Tract 405.22,"1/1/2020 - 3/31/2020, Every day, Daily Average",526,308,896
694,Census Tract 9800,651,Census Tract 405.23,"1/1/2020 - 3/31/2020, Every day, Daily Average",772,510,1167
694,Census Tract 9800,652,Census Tract 503.22,"1/1/2020 - 3/31/2020, Every day, Daily Average",2884,2357,3527
694,Census Tract 9800,653,Census Tract 503.21,"1/1/2020 - 3/31/2020, Every day, Daily Average",2892,2301,3634
694,Census Tract 9800,654,Census Tract 504.34,"1/1/2020 - 3/31/2020, Every day, Daily Average",2280,1791,2901
694,Census Tract 9800,655,Census Tract 504.32,"1/1/2020 - 3/31/2020, Every day, Daily Average",2505,2014,3115
694,Census Tract 9800,656,Census Tract 406.21,"1/1/2020 - 3/31/2020, Every day, Daily Average",1489,1106,2003
694,Census Tract 9800,657,Census Tract 406.22,"1/1/2020 - 3/31/2020, Every day, Daily Average",1367,1007,1855
694,Census Tract 9800,658,Census Tract 504.33,"1/1/2020 - 3/31/2020, Every day, Daily Average",2394,1834,3124
694,Census Tract 9800,659,Census Tract 505.33,"1/1/2020 - 3/31/2020, Every day, Daily Average",2972,2326,3797
694,Census Tract 9800,660,Census Tract 504.35,"1/1/2020 - 3/31/2020, Every day, Daily Average",2631,2109,3280
694,Census Tract 9800,661,Census Tract 505.34,"1/1/2020 - 3/31/2020, Every day, Daily Average",2828,2298,3479
694,Census Tract 9800,662,Census Tract 505.32,"1/1/2020 - 3/31/2020, Every day, Daily Average",3369,2650,4283
694,Census Tract 9800,663,Census Tract 301.06,"1/1/2020 - 3/31/2020, Every day, Daily Average",3042,2445,3783
694,Census Tract 9800,664,Census Tract 301.07,"1/1/2020 - 3/31/2020, Every day, Daily Average",2735,2190,3414
694,Census Tract 9800,665,Census Tract 314.08,"1/1/2020 - 3/31/2020, Every day, Daily Average",2098,1698,2591
694,Census Tract 9800,666,Census Tract 314.09,"1/1/2020 - 3/31/2020, Every day, Daily Average",2379,1947,2906
694,Census Tract 9800,667,Census Tract 505.35,"1/1/2020 - 3/31/2020, Every day, Daily Average",2564,2092,3141
694,Census Tract 9800,668,Census Tract 505.39,"1/1/2020 - 3/31/2020, Every day, Daily Average",2665,2082,3410
694,Census Tract 9800,669,Census Tract 505.36,"1/1/2020 - 3/31/2020, Every day, Daily Average",2671,2186,3262
694,Census Tract 9800,670,Census Tract 507.27,"1/1/2020 - 3/31/2020, Every day, Daily Average",3738,3052,4577
694,Census Tract 9800,671,Census Tract 304.13,"1/1/2020 - 3/31/2020, Every day, Daily Average",1864,1504,2309
694,Census Tract 9800,672,Census Tract 304.14,"1/1/2020 - 3/31/2020, Every day, Daily Average",1826,1476,2258
694,Census Tract 9800,673,Census Tract 304.12,"1/1/2020 - 3/31/2020, Every day, Daily Average",1988,1629,2425
694,Census Tract 9800,674,Census Tract 1703.03,"1/1/2020 - 3/31/2020, Every day, Daily Average",1907,1623,2240
694,Census Tract 9800,675,Census Tract 1704.04,"1/1/2020 - 3/31/2020, Every day, Daily Average",1570,1210,2036
694,Census Tract 9800,676,Census Tract 1704.05,"1/1/2020 - 3/31/2020, Every day, Daily Average",1871,1563,2238
694,Census Tract 9800,677,Census Tract 1706.01,"1/1/2020 - 3/31/2020, Every day, Daily Average",1795,1480,2176
694,Census Tract 9800,678,Census Tract 1704.06,"1/1/2020 - 3/31/2020, Every day, Daily Average",1616,1254,2081
694,Census Tract 9800,679,Census Tract 303.41,"1/1/2020 - 3/31/2020, Every day, Daily Average",3052,2526,3686
694,Census Tract 9800,680,Census Tract 303.42,"1/1/2020 - 3/31/2020, Every day, Daily Average",3270,2695,3966
694,Census Tract 9800,681,Census Tract 304.09,"1/1/2020 - 3/31/2020, Every day, Daily Average",2385,1973,2882
694,Census Tract 9800,682,Census Tract 304.10,"1/1/2020 - 3/31/2020, Every day, Daily Average",2179,1770,2682
694,Census Tract 9800,683,Census Tract 304.08,"1/1/2020 - 3/31/2020, Every day, Daily Average",2166,1755,2671
694,Census Tract 9800,684,Census Tract 304.07,"1/1/2020 - 3/31/2020, Every day, Daily Average",2123,1715,2627
694,Census Tract 9800,685,Census Tract 302.36,"1/1/2020 - 3/31/2020, Every day, Daily Average",3697,3106,4400
694,Census Tract 9800,686,Census Tract 302.38,"1/1/2020 - 3/31/2020, Every day, Daily Average",3423,2870,4081
694,Census Tract 9800,687,Census Tract 302.39,"1/1/2020 - 3/31/2020, Every day, Daily Average",3421,2866,4083
694,Census Tract 9800,688,Census Tract 405.24,"1/1/2020 - 3/31/2020, Every day, Daily Average",938,633,1389
694,Census Tract 9800,689,Census Tract 406.16,"1/1/2020 - 3/31/2020, Every day, Daily Average",895,564,1418
694,Census Tract 9800,690,Census Tract 406.20,"1/1/2020 - 3/31/2020, Every day, Daily Average",1251,900,1737
694,Census Tract 9800,691,Census Tract 404.15,"1/1/2020 - 3/31/2020, Every day, Daily Average",501,262,954
694,Census Tract 9800,692,Census Tract 405.19,"1/1/2020 - 3/31/2020, Every day, Daily Average",505,306,833
694,Census Tract 9800,693,Census Tract 406.19,"1/1/2020 - 3/31/2020, Every day, Daily Average",1072,773,1485
694,Census Tract 9800,694,Census Tract 9800,"1/1/2020 - 3/31/2020, Every day, Daily Average",403,221,734
694,Census Tract 9800,695,Census Tract 304.11,"1/1/2020 - 3/31/2020, Every day, Daily Average",1916,1555,2360
694,Census Tract 9800,696,Census Tract 303.44,"1/1/2020 - 3/31/2020, Every day, Daily Average",1797,1451,2224
694,Census Tract 9800,697,Census Tract 303.45,"1/1/2020 - 3/31/2020, Every day, Daily Average",1754,1406,2187
694,Census Tract 9800,698,Census Tract 311.13,"1/1/2020 - 3/31/2020, Every day, Daily Average",2033,1648,2506
694,Census Tract 9800,699,Census Tract 505.43,"1/1/2020 - 3/31/2020, Every day, Daily Average",3318,2689,4092
694,Census Tract 9800,700,Census Tract 505.47,"1/1/2020 - 3/31/2020, Every day, Daily Average",3254,2649,3995
694,Census Tract 9800,701,Census Tract 505.24,"1/1/2020 - 3/31/2020, Every day, Daily Average",2785,2231,3475
694,Census Tract 9800,702,Census Tract 505.41,"1/1/2020 - 3/31/2020, Every day, Daily Average",3025,2204,4150
694,Census Tract 9800,703,Census Tract 315.09,"1/1/2020 - 3/31/2020, Every day, Daily Average",2456,2037,2960
694,Census Tract 9800,704,Census Tract 302.23,"1/1/2020 - 3/31/2020, Every day, Daily Average",2619,2111,3248
694,Census Tract 9800,705,Census Tract 311.15,"1/1/2020 - 3/31/2020, Every day, Daily Average",2094,1682,2605
694,Census Tract 9800,706,Census Tract 311.16,"1/1/2020 - 3/31/2020, Every day, Daily Average",2191,1711,2804
694,Census Tract 9800,707,Census Tract 315.08,"1/1/2020 - 3/31/2020, Every day, Daily Average",2632,2197,3152
694,Census Tract 9800,708,Census Tract 315.07,"1/1/2020 - 3/31/2020, Every day, Daily Average",2686,2231,3233
694,Census Tract 9800,709,Census Tract 311.17,"1/1/2020 - 3/31/2020, Every day, Daily Average",2158,1791,2600
694,Census Tract 9800,710,Census Tract 311.18,"1/1/2020 - 3/31/2020, Every day, Daily Average",1957,1575,2430
694,Census Tract 9800,711,Census Tract 302.22,"1/1/2020 - 3/31/2020, Every day, Daily Average",2749,2273,3324
694,Census Tract 9800,712,Census Tract 302.32,"1/1/2020 - 3/31/2020, Every day, Daily Average",3025,2562,3570
694,Census Tract 9800,713,Census Tract 302.33,"1/1/2020 - 3/31/2020, Every day, Daily Average",2907,2438,3465
694,Census Tract 9800,714,Census Tract 302.34,"1/1/2020 - 3/31/2020, Every day, Daily Average",2971,2486,3550
694,Census Tract 9800,715,Census Tract 302.35,"1/1/2020 - 3/31/2020, Every day, Daily Average",3062,2604,3600
694,Census Tract 9800,716,Census Tract 507.30,"1/1/2020 - 3/31/2020, Every day, Daily Average",3328,2859,3873
694,Census Tract 9800,717,Census Tract 507.25,"1/1/2020 - 3/31/2020, Every day, Daily Average",2890,2376,3514
694,Census Tract 9800,718,Census Tract 507.29,"1/1/2020 - 3/31/2020, Every day, Daily Average",2696,2217,3277
694,Census Tract 9800,719,Census Tract 507.22,"1/1/2020 - 3/31/2020, Every day, Daily Average",2965,2507,3505
694,Census Tract 9800,720,Census Tract 507.31,"1/1/2020 - 3/31/2020, Every day, Daily Average",3503,2980,4116
694,Census Tract 9800,721,Census Tract 111,"1/1/2020 - 3/31/2020, Every day, Daily Average",753,509,1111
694,Census Tract 9800,722,Census Tract 112.01,"1/1/2020 - 3/31/2020, Every day, Daily Average",871,620,1221
694,Census Tract 9800,723,Census Tract 112.02,"1/1/2020 - 3/31/2020, Every day, Daily Average",678,436,1053
694,Census Tract 9800,724,Census Tract 1005.01,"1/1/2020 - 3/31/2020, Every day, Daily Average",2507,1948,3224
694,Census Tract 9800,725,Census Tract 1009.01,"1/1/2020 - 3/31/2020, Every day, Daily Average",3024,2621,3487
694,Census Tract 9800,727,Census Tract 1009.03,"1/1/2020 - 3/31/2020, Every day, Daily Average",2802,2421,3242
694,Census Tract 9800,728,Census Tract 113.01,"1/1/2020 - 3/31/2020, Every day, Daily Average",930,654,1322
694,Census Tract 9800,729,Census Tract 113.03,"1/1/2020 - 3/31/2020, Every day, Daily Average",537,325,886
694,Census Tract 9800,730,Census Tract 1203.02,"1/1/2020 - 3/31/2020, Every day, Daily Average",3115,2561,3787
694,Census Tract 9800,731,Census Tract 1201.03,"1/1/2020 - 3/31/2020, Every day, Daily Average",3752,3226,4363
694,Census Tract 9800,732,Census Tract 1201.02,"1/1/2020 - 3/31/2020, Every day, Daily Average",3654,3109,4293
694,Census Tract 9800,734,Census Tract 1203.01,"1/1/2020 - 3/31/2020, Every day, Daily Average",3324,2893,3818
694,Census Tract 9800,735,Census Tract 1202.04,"1/1/2020 - 3/31/2020, Every day, Daily Average",3250,2741,3853
694,Census Tract 9800,736,Census Tract 1206.02,"1/1/2020 - 3/31/2020, Every day, Daily Average",2878,2500,3312
694,Census Tract 9800,738,Census Tract 1205.03,"1/1/2020 - 3/31/2020, Every day, Daily Average",3015,2622,3466
694,Census Tract 9800,740,Census Tract 1201.01,"1/1/2020 - 3/31/2020, Every day, Daily Average",3656,3047,4386
694,Census Tract 9800,741,Census Tract 1202.03,"1/1/2020 - 3/31/2020, Every day, Daily Average",3440,2900,4079
694,Census Tract 9800,742,Census Tract 1206.03,"1/1/2020 - 3/31/2020, Every day, Daily Average",2624,2210,3115
694,Census Tract 9800,743,Census Tract 1206.04,"1/1/2020 - 3/31/2020, Every day, Daily Average",2748,2479,3045
694,Census Tract 9800,744,Census Tract 1402.08,"1/1/2020 - 3/31/2020, Every day, Daily Average",1726,1417,2102
694,Census Tract 9800,745,Census Tract 1402.07,"1/1/2020 - 3/31/2020, Every day, Daily Average",1806,1454,2241
694,Census Tract 9800,746,Census Tract 114.05,"1/1/2020 - 3/31/2020, Every day, Daily Average",2493,1996,3112
694,Census Tract 9800,747,Census Tract 114.10,"1/1/2020 - 3/31/2020, Every day, Daily Average",2850,2283,3556
694,Census Tract 9800,748,Census Tract 114.11,"1/1/2020 - 3/31/2020, Every day, Daily Average",2319,1840,2921
694,Census Tract 9800,749,Census Tract 114.14,"1/1/2020 - 3/31/2020, Every day, Daily Average",2795,2279,3426
694,Census Tract 9800,750,Census Tract 204,"1/1/2020 - 3/31/2020, Every day, Daily Average",1413,1121,1780
694,Census Tract 9800,751,Census Tract 205,"1/1/2020 - 3/31/2020, Every day, Daily Average",1251,981,1594
694,Census Tract 9800,752,Census Tract 206,"1/1/2020 - 3/31/2020, Every day, Daily Average",1416,1100,1821
694,Census Tract 9800,753,Census Tract 208.01,"1/1/2020 - 3/31/2020, Every day, Daily Average",1370,1097,1709
694,Census Tract 9800,754,Census Tract 209,"1/1/2020 - 3/31/2020, Every day, Daily Average",1153,894,1486
694,Census Tract 9800,755,Census Tract 10.02,"1/1/2020 - 3/31/2020, Every day, Daily Average",1497,1065,2102
694,Census Tract 9800,756,Census Tract 7,"1/1/2020 - 3/31/2020, Every day, Daily Average",1689,1322,2157
694,Census Tract 9800,757,Census Tract 87,"1/1/2020 - 3/31/2020, Every day, Daily Average",1396,1100,1770
694,Census Tract 9800,758,Census Tract 234.16,"1/1/2020 - 3/31/2020, Every day, Daily Average",1617,1257,2079
694,Census Tract 9800,759,Census Tract 238.02,"1/1/2020 - 3/31/2020, Every day, Daily Average",1167,850,1601
694,Census Tract 9800,760,Census Tract 223.01,"1/1/2020 - 3/31/2020, Every day, Daily Average",1969,1600,2422
694,Census Tract 9800,761,Census Tract 233.06,"1/1/2020 - 3/31/2020, Every day, Daily Average",2247,1821,2771
694,Census Tract 9800,762,Census Tract 201,"1/1/2020 - 3/31/2020, Every day, Daily Average",1889,1495,2385
694,Census Tract 9800,763,Census Tract 223.02,"1/1/2020 - 3/31/2020, Every day, Daily Average",1977,1579,2474
694,Census Tract 9800,764,Census Tract 220.07,"1/1/2020 - 3/31/2020, Every day, Daily Average",1784,1400,2272
694,Census Tract 9800,765,Census Tract 202,"1/1/2020 - 3/31/2020, Every day, Daily Average",1488,1189,1860
694,Census Tract 9800,766,Census Tract 203,"1/1/2020 - 3/31/2020, Every day, Daily Average",1547,1261,1897
694,Census Tract 9800,767,Census Tract 234.23,"1/1/2020 - 3/31/2020, Every day, Daily Average",889,602,1312
694,Census Tract 9800,768,Census Tract 234.25,"1/1/2020 - 3/31/2020, Every day, Daily Average",1405,1050,1879
694,Census Tract 9800,769,Census Tract 68.02,"1/1/2020 - 3/31/2020, Every day, Daily Average",1148,895,1472
694,Census Tract 9800,770,Census Tract 69,"1/1/2020 - 3/31/2020, Every day, Daily Average",1170,923,1482
694,Census Tract 9800,771,Census Tract 70.01,"1/1/2020 - 3/31/2020, Every day, Daily Average",584,446,764
694,Census Tract 9800,772,Census Tract 74,"1/1/2020 - 3/31/2020, Every day, Daily Average",493,342,710
694,Census Tract 9800,773,Census Tract 104,"1/1/2020 - 3/31/2020, Every day, Daily Average",1078,782,1485
694,Census Tract 9800,774,Census Tract 114.12,"1/1/2020 - 3/31/2020, Every day, Daily Average",2383,1897,2992
694,Census Tract 9800,775,Census Tract 218.13,"1/1/2020 - 3/31/2020, Every day, Daily Average",1916,1520,2414
694,Census Tract 9800,776,Census Tract 212.18,"1/1/2020 - 3/31/2020, Every day, Daily Average",2202,1763,2750
694,Census Tract 9800,777,Census Tract 76.02,"1/1/2020 - 3/31/2020, Every day, Daily Average",1112,799,1546
694,Census Tract 9800,778,Census Tract 21,"1/1/2020 - 3/31/2020, Every day, Daily Average",1393,1029,1885
694,Census Tract 9800,779,Census Tract 23,"1/1/2020 - 3/31/2020, Every day, Daily Average",1527,1194,1952
694,Census Tract 9800,780,Census Tract 78.02,"1/1/2020 - 3/31/2020, Every day, Daily Average",1068,801,1422
694,Census Tract 9800,781,Census Tract 78.05,"1/1/2020 - 3/31/2020, Every day, Daily Average",1300,991,1705
694,Census Tract 9800,782,Census Tract 78.06,"1/1/2020 - 3/31/2020, Every day, Daily Average",1179,872,1593
694,Census Tract 9800,783,Census Tract 24,"1/1/2020 - 3/31/2020, Every day, Daily Average",1429,1068,1911
694,Census Tract 9800,784,Census Tract 26,"1/1/2020 - 3/31/2020, Every day, Daily Average",1552,1184,2032
694,Census Tract 9800,785,Census Tract 28,"1/1/2020 - 3/31/2020, Every day, Daily Average",1003,759,1324
694,Census Tract 9800,786,Census Tract 30,"1/1/2020 - 3/31/2020, Every day, Daily Average",1361,1053,1759
694,Census Tract 9800,787,Census Tract 31,"1/1/2020 - 3/31/2020, Every day, Daily Average",1253,980,1601
694,Census Tract 9800,788,Census Tract 32,"1/1/2020 - 3/31/2020, Every day, Daily Average",1333,980,1812
694,Census Tract 9800,789,Census Tract 35,"1/1/2020 - 3/31/2020, Every day, Daily Average",929,699,1233
694,Census Tract 9800,790,Census Tract 38,"1/1/2020 - 3/31/2020, Every day, Daily Average",1250,925,1688
694,Census Tract 9800,791,Census Tract 78.07,"1/1/2020 - 3/31/2020, Every day, Daily Average",1162,902,1496
694,Census Tract 9800,792,Census Tract 78.08,"1/1/2020 - 3/31/2020, Every day, Daily Average",1079,836,1392
694,Census Tract 9800,793,Census Tract 79,"1/1/2020 - 3/31/2020, Every day, Daily Average",975,754,1259
694,Census Tract 9800,794,Census Tract 80,"1/1/2020 - 3/31/2020, Every day, Daily Average",1252,947,1653
694,Census Tract 9800,795,Census Tract 81.02,"1/1/2020 - 3/31/2020, Every day, Daily Average",1074,828,1391
694,Census Tract 9800,796,Census Tract 82.01,"1/1/2020 - 3/31/2020, Every day, Daily Average",1244,976,1584
694,Census Tract 9800,797,Census Tract 40,"1/1/2020 - 3/31/2020, Every day, Daily Average",1208,920,1585
694,Census Tract 9800,798,Census Tract 41,"1/1/2020 - 3/31/2020, Every day, Daily Average",1153,863,1540
694,Census Tract 9800,799,Census Tract 44,"1/1/2020 - 3/31/2020, Every day, Daily Average",1029,742,1425
694,Census Tract 9800,800,Census Tract 48,"1/1/2020 - 3/31/2020, Every day, Daily Average",916,701,1195
694,Census Tract 9800,801,Census Tract 39,"1/1/2020 - 3/31/2020, Every day, Daily Average",1193,892,1594
694,Census Tract 9800,802,Census Tract 49,"1/1/2020 - 3/31/2020, Every day, Daily Average",995,754,1312
694,Census Tract 9800,803,Census Tract 50,"1/1/2020 - 3/31/2020, Every day, Daily Average",1025,787,1334
694,Census Tract 9800,804,Census Tract 52,"1/1/2020 - 3/31/2020, Every day, Daily Average",1078,834,1391
694,Census Tract 9800,805,Census Tract 53,"1/1/2020 - 3/31/2020, Every day, Daily Average",1156,897,1488
694,Census Tract 9800,806,Census Tract 82.02,"1/1/2020 - 3/31/2020, Every day, Daily Average",1498,1119,2005
694,Census Tract 9800,807,Census Tract 83.01,"1/1/2020 - 3/31/2020, Every day, Daily Average",1324,1013,1729
694,Census Tract 9800,808,Census Tract 83.02,"1/1/2020 - 3/31/2020, Every day, Daily Average",1359,1033,1787
694,Census Tract 9800,809,Census Tract 84,"1/1/2020 - 3/31/2020, Every day, Daily Average",1417,1070,1876
694,Census Tract 9800,810,Census Tract 85,"1/1/2020 - 3/31/2020, Every day, Daily Average",1636,1281,2087
694,Census Tract 9800,811,Census Tract 86.01,"1/1/2020 - 3/31/2020, Every day, Daily Average",1613,1212,2146
694,Census Tract 9800,812,Census Tract 55.01,"1/1/2020 - 3/31/2020, Every day, Daily Average",1081,788,1482
694,Census Tract 9800,813,Census Tract 55.02,"1/1/2020 - 3/31/2020, Every day, Daily Average",1003,740,1357
694,Census Tract 9800,814,Census Tract 57,"1/1/2020 - 3/31/2020, Every day, Daily Average",1117,832,1498
694,Census Tract 9800,815,Census Tract 58,"1/1/2020 - 3/31/2020, Every day, Daily Average",1084,796,1474
694,Census Tract 9800,816,Census Tract 61,"1/1/2020 - 3/31/2020, Every day, Daily Average",1284,983,1676
694,Census Tract 9800,817,Census Tract 63,"1/1/2020 - 3/31/2020, Every day, Daily Average",734,557,966
694,Census Tract 9800,818,Census Tract 64,"1/1/2020 - 3/31/2020, Every day, Daily Average",1036,824,1302
694,Census Tract 9800,819,Census Tract 65,"1/1/2020 - 3/31/2020, Every day, Daily Average",675,517,879
694,Census Tract 9800,820,Census Tract 86.02,"1/1/2020 - 3/31/2020, Every day, Daily Average",1345,1058,1709
694,Census Tract 9800,821,Census Tract 88,"1/1/2020 - 3/31/2020, Every day, Daily Average",1729,1330,2246
694,Census Tract 9800,822,Census Tract 92,"1/1/2020 - 3/31/2020, Every day, Daily Average",1326,1034,1700
694,Census Tract 9800,823,Census Tract 910.05,"1/1/2020 - 3/31/2020, Every day, Daily Average",2997,2407,3730
694,Census Tract 9800,824,Census Tract 75,"1/1/2020 - 3/31/2020, Every day, Daily Average",562,420,750
694,Census Tract 9800,825,Census Tract 403.07,"1/1/2020 - 3/31/2020, Every day, Daily Average",783,519,1179
694,Census Tract 9800,827,Census Tract 1702,"1/1/2020 - 3/31/2020, Every day, Daily Average",2075,1448,2972
694,Census Tract 9800,828,Census Tract 1704.02,"1/1/2020 - 3/31/2020, Every day, Daily Average",1131,854,1497
694,Census Tract 9800,829,Census Tract 60,"1/1/2020 - 3/31/2020, Every day, Daily Average",1309,1025,1671
694,Census Tract 9800,830,Census Tract 81.01,"1/1/2020 - 3/31/2020, Every day, Daily Average",1435,1188,1733
694,Census Tract 9800,831,Census Tract 9800,"1/1/2020 - 3/31/2020, Every day, Daily Average",1522,1181,1959
